chunk_id,status,timestamp_inicio,timestamp_fim,total_processado,worker_id
000001,em_processamento,,,0,worker-fec6a47b
000002,em_processamento,2026-02-11T17:46:19.607444,,0,worker-4be4a779
000003,em_processamento,2026-02-11T17:46:19.607586,,0,worker-4be4a779
000004,em_processamento,2026-02-11T17:46:19.607593,,0,worker-4be4a779
000005,em_processamento,2026-02-11T17:46:19.607597,,0,worker-4be4a779
000006,em_processamento,2026-02-11T17:46:19.607600,,0,worker-4be4a779
000007,em_processamento,2026-02-11T17:46:19.607604,,0,worker-4be4a779
000008,em_processamento,2026-02-11T17:46:19.607609,,0,worker-4be4a779
000009,em_processamento,2026-02-11T17:46:19.607614,,0,worker-4be4a779
000010,em_processamento,2026-02-11T17:46:19.607618,,0,worker-4be4a779
000011,em_processamento,2026-02-11T17:46:19.607623,,0,worker-4be4a779
000012,em_processamento,2026-02-11T17:46:19.607629,,0,worker-4be4a779
000013,em_processamento,2026-02-11T17:46:19.607634,,0,worker-4be4a779
000014,em_processamento,2026-02-11T17:46:19.607639,,0,worker-4be4a779
000015,em_processamento,2026-02-11T17:46:19.607644,,0,worker-4be4a779
000016,em_processamento,2026-02-11T17:46:19.607648,,0,worker-4be4a779
000017,em_processamento,2026-02-11T17:46:19.607653,,0,worker-4be4a779
000018,em_processamento,2026-02-11T17:46:19.607658,,0,worker-4be4a779
000019,em_processamento,2026-02-11T17:46:19.607662,,0,worker-4be4a779
000020,em_processamento,2026-02-11T17:46:19.607667,,0,worker-4be4a779
000021,em_processamento,2026-02-11T17:46:19.607671,,0,worker-4be4a779
000022,em_processamento,2026-02-11T17:46:19.607675,,0,worker-4be4a779
000023,em_processamento,2026-02-11T17:46:19.607680,,0,worker-4be4a779
000024,em_processamento,2026-02-11T17:46:19.607684,,0,worker-4be4a779
000025,em_processamento,2026-02-11T17:46:19.607688,,0,worker-4be4a779
000026,em_processamento,2026-02-11T17:46:19.607693,,0,worker-4be4a779
000027,em_processamento,2026-02-11T17:46:19.607697,,0,worker-4be4a779
000028,em_processamento,2026-02-11T17:46:19.607702,,0,worker-4be4a779
000029,em_processamento,2026-02-11T17:46:19.607707,,0,worker-4be4a779
000030,em_processamento,2026-02-11T17:46:19.607711,,0,worker-4be4a779
000031,em_processamento,2026-02-11T17:46:19.607715,,0,worker-4be4a779
000032,em_processamento,2026-02-11T17:46:19.607720,,0,worker-4be4a779
000033,em_processamento,2026-02-11T17:46:19.607725,,0,worker-4be4a779
000034,em_processamento,2026-02-11T17:46:19.607728,,0,worker-4be4a779
000035,em_processamento,2026-02-11T17:46:19.607731,,0,worker-4be4a779
000036,em_processamento,2026-02-11T17:46:19.607735,,0,worker-4be4a779
000037,em_processamento,2026-02-11T17:46:19.607738,,0,worker-4be4a779
000038,em_processamento,2026-02-11T17:46:19.607740,,0,worker-4be4a779
000039,em_processamento,2026-02-11T17:46:19.607745,,0,worker-4be4a779
000040,em_processamento,2026-02-11T17:46:19.607750,,0,worker-4be4a779
000041,em_processamento,2026-02-11T17:46:19.607755,,0,worker-4be4a779
000042,em_processamento,2026-02-11T17:46:19.607759,,0,worker-4be4a779
000043,em_processamento,2026-02-11T17:46:19.607764,,0,worker-4be4a779
000044,em_processamento,2026-02-11T17:46:19.607768,,0,worker-4be4a779
000045,em_processamento,2026-02-11T17:46:19.607772,,0,worker-4be4a779
000046,em_processamento,2026-02-11T17:46:19.607777,,0,worker-4be4a779
000047,em_processamento,2026-02-11T17:46:19.607781,,0,worker-4be4a779
000048,em_processamento,2026-02-11T17:46:19.607785,,0,worker-4be4a779
000049,em_processamento,2026-02-11T17:46:19.607790,,0,worker-4be4a779
000050,em_processamento,2026-02-11T17:46:19.607794,,0,worker-4be4a779
000051,em_processamento,2026-02-11T17:46:19.607798,,0,worker-4be4a779
000052,em_processamento,2026-02-11T17:46:19.607803,,0,worker-4be4a779
000053,em_processamento,2026-02-11T17:46:19.607808,,0,worker-4be4a779
000054,em_processamento,2026-02-11T17:46:19.607813,,0,worker-4be4a779
000055,em_processamento,2026-02-11T17:46:19.607818,,0,worker-4be4a779
000056,em_processamento,2026-02-11T17:46:19.607823,,0,worker-4be4a779
000057,em_processamento,2026-02-11T17:46:19.607827,,0,worker-4be4a779
000058,em_processamento,2026-02-11T17:46:19.607832,,0,worker-4be4a779
000059,em_processamento,2026-02-11T17:46:19.607837,,0,worker-4be4a779
000060,em_processamento,2026-02-11T17:46:19.607841,,0,worker-4be4a779
000061,em_processamento,2026-02-11T17:46:19.607846,,0,worker-4be4a779
000062,em_processamento,2026-02-11T17:46:19.607850,,0,worker-4be4a779
000063,em_processamento,2026-02-11T17:46:19.607855,,0,worker-4be4a779
000064,em_processamento,2026-02-11T17:46:19.607859,,0,worker-4be4a779
000065,em_processamento,2026-02-11T17:46:19.607864,,0,worker-4be4a779
000066,em_processamento,2026-02-11T17:46:19.607867,,0,worker-4be4a779
000067,em_processamento,2026-02-11T17:46:19.607870,,0,worker-4be4a779
000068,em_processamento,2026-02-11T17:46:19.607873,,0,worker-4be4a779
000069,em_processamento,2026-02-11T17:46:19.607875,,0,worker-4be4a779
000070,em_processamento,2026-02-11T17:46:19.607878,,0,worker-4be4a779
000071,em_processamento,2026-02-11T17:46:19.607881,,0,worker-4be4a779
000072,em_processamento,2026-02-11T17:46:19.607883,,0,worker-4be4a779
000073,em_processamento,2026-02-11T17:46:19.607885,,0,worker-4be4a779
000074,em_processamento,2026-02-11T17:46:19.607888,,0,worker-4be4a779
000075,em_processamento,2026-02-11T17:46:19.607891,,0,worker-4be4a779
000076,em_processamento,2026-02-11T17:46:19.607893,,0,worker-4be4a779
000077,em_processamento,2026-02-11T17:46:19.607896,,0,worker-4be4a779
000078,em_processamento,2026-02-11T17:46:19.607898,,0,worker-4be4a779
000079,em_processamento,2026-02-11T17:46:19.607902,,0,worker-4be4a779
000080,em_processamento,2026-02-11T17:46:19.607905,,0,worker-4be4a779
000081,em_processamento,2026-02-11T17:46:19.607907,,0,worker-4be4a779
000082,em_processamento,2026-02-11T17:46:19.607909,,0,worker-4be4a779
000083,em_processamento,2026-02-11T17:46:19.607912,,0,worker-4be4a779
000084,em_processamento,2026-02-11T17:46:19.607914,,0,worker-4be4a779
000085,em_processamento,2026-02-11T17:46:19.607917,,0,worker-4be4a779
000086,em_processamento,2026-02-11T17:46:19.607919,,0,worker-4be4a779
000087,em_processamento,2026-02-11T17:46:19.607922,,0,worker-4be4a779
000088,em_processamento,2026-02-11T17:46:19.607924,,0,worker-4be4a779
000089,em_processamento,2026-02-11T17:46:19.607927,,0,worker-4be4a779
000090,em_processamento,2026-02-11T17:46:19.607929,,0,worker-4be4a779
000091,em_processamento,2026-02-11T17:46:19.607932,,0,worker-4be4a779
000092,em_processamento,2026-02-11T17:46:19.607934,,0,worker-4be4a779
000093,em_processamento,2026-02-11T17:46:19.607937,,0,worker-4be4a779
000094,em_processamento,2026-02-11T17:46:19.607939,,0,worker-4be4a779
000095,em_processamento,2026-02-11T17:46:19.607942,,0,worker-4be4a779
000096,em_processamento,2026-02-11T17:46:19.607944,,0,worker-4be4a779
000097,em_processamento,2026-02-11T17:46:19.607947,,0,worker-4be4a779
000098,em_processamento,2026-02-11T17:46:19.607950,,0,worker-4be4a779
000099,em_processamento,2026-02-11T17:46:19.607952,,0,worker-4be4a779
000100,em_processamento,2026-02-11T17:46:19.607955,,0,worker-4be4a779
000101,em_processamento,2026-02-11T17:46:19.607958,,0,worker-4be4a779
000102,em_processamento,2026-02-11T18:21:43.215143,,0,worker-6ae1e77c
000103,em_processamento,2026-02-11T18:22:06.226355,,0,worker-6ae1e77c
000104,em_processamento,2026-02-11T18:22:30.201715,,0,worker-6ae1e77c
000105,em_processamento,2026-02-11T18:22:59.491111,,0,worker-6ae1e77c
000106,em_processamento,2026-02-11T18:23:26.726987,,0,worker-6ae1e77c
000107,em_processamento,2026-02-11T18:23:52.668751,,0,worker-6ae1e77c
000108,concluido,2026-02-11T19:15:08.896877,2026-02-11T19:24:34.024811,26,worker-11baa210
000109,em_espera,,,0,
000110,em_espera,,,0,
000111,em_espera,,,0,
000112,em_espera,,,0,
000113,em_espera,,,0,
000114,em_espera,,,0,
000115,em_espera,,,0,
000116,em_espera,,,0,
000117,em_espera,,,0,
000118,em_espera,,,0,
000119,em_espera,,,0,
000120,em_espera,,,0,
000121,em_espera,,,0,
000122,em_espera,,,0,
000123,em_espera,,,0,
000124,em_espera,,,0,
000125,em_espera,,,0,
000126,em_espera,,,0,
000127,em_espera,,,0,
000128,em_espera,,,0,
000129,em_espera,,,0,
000130,em_espera,,,0,
000131,em_espera,,,0,
000132,em_espera,,,0,
000133,em_espera,,,0,
000134,em_espera,,,0,
000135,em_espera,,,0,
000136,em_espera,,,0,
000137,em_espera,,,0,
000138,em_espera,,,0,
000139,em_espera,,,0,
000140,em_espera,,,0,
000141,em_espera,,,0,
000142,em_espera,,,0,
000143,em_espera,,,0,
000144,em_espera,,,0,
000145,em_espera,,,0,
000146,em_espera,,,0,
000147,em_espera,,,0,
000148,em_espera,,,0,
000149,em_espera,,,0,
000150,em_espera,,,0,
000151,em_espera,,,0,
000152,em_espera,,,0,
000153,em_espera,,,0,
000154,em_espera,,,0,
000155,em_espera,,,0,
000156,em_espera,,,0,
000157,em_espera,,,0,
000158,em_espera,,,0,
000159,em_espera,,,0,
000160,em_espera,,,0,
000161,em_espera,,,0,
000162,em_espera,,,0,
000163,em_espera,,,0,
000164,em_espera,,,0,
000165,em_espera,,,0,
000166,em_espera,,,0,
000167,em_espera,,,0,
000168,em_espera,,,0,
000169,em_espera,,,0,
000170,em_espera,,,0,
000171,em_espera,,,0,
000172,em_espera,,,0,
000173,em_espera,,,0,
000174,em_espera,,,0,
000175,em_espera,,,0,
000176,em_espera,,,0,
000177,em_espera,,,0,
000178,em_espera,,,0,
000179,em_espera,,,0,
000180,em_espera,,,0,
000181,em_espera,,,0,
000182,em_espera,,,0,
000183,em_espera,,,0,
000184,em_espera,,,0,
000185,em_espera,,,0,
000186,em_espera,,,0,
000187,em_espera,,,0,
000188,em_espera,,,0,
000189,em_espera,,,0,
000190,em_espera,,,0,
000191,em_espera,,,0,
000192,em_espera,,,0,
000193,em_espera,,,0,
000194,em_espera,,,0,
000195,em_espera,,,0,
000196,em_espera,,,0,
000197,em_espera,,,0,
000198,em_espera,,,0,
000199,em_espera,,,0,
000200,em_espera,,,0,
000201,em_espera,,,0,
000202,em_espera,,,0,
000203,em_espera,,,0,
000204,em_espera,,,0,
000205,em_espera,,,0,
000206,em_espera,,,0,
000207,em_espera,,,0,
000208,em_espera,,,0,
000209,em_espera,,,0,
000210,em_espera,,,0,
000211,em_espera,,,0,
000212,em_espera,,,0,
000213,em_espera,,,0,
000214,em_espera,,,0,
000215,em_espera,,,0,
000216,em_espera,,,0,
000217,em_espera,,,0,
000218,em_espera,,,0,
000219,em_espera,,,0,
000220,em_espera,,,0,
000221,em_espera,,,0,
000222,em_espera,,,0,
000223,em_espera,,,0,
000224,em_espera,,,0,
000225,em_espera,,,0,
000226,em_espera,,,0,
000227,em_espera,,,0,
000228,em_espera,,,0,
000229,em_espera,,,0,
000230,em_espera,,,0,
000231,em_espera,,,0,
000232,em_espera,,,0,
000233,em_espera,,,0,
000234,em_espera,,,0,
000235,em_espera,,,0,
000236,em_espera,,,0,
000237,em_espera,,,0,
000238,em_espera,,,0,
000239,em_espera,,,0,
000240,em_espera,,,0,
000241,em_espera,,,0,
000242,em_espera,,,0,
000243,em_espera,,,0,
000244,em_espera,,,0,
000245,em_espera,,,0,
000246,em_espera,,,0,
000247,em_espera,,,0,
000248,em_espera,,,0,
000249,em_espera,,,0,
000250,em_espera,,,0,
000251,em_espera,,,0,
000252,em_espera,,,0,
000253,em_espera,,,0,
000254,em_espera,,,0,
000255,em_espera,,,0,
000256,em_espera,,,0,
000257,em_espera,,,0,
000258,em_espera,,,0,
000259,em_espera,,,0,
000260,em_espera,,,0,
000261,em_espera,,,0,
000262,em_espera,,,0,
000263,em_espera,,,0,
000264,em_espera,,,0,
000265,em_espera,,,0,
000266,em_espera,,,0,
000267,em_espera,,,0,
000268,em_espera,,,0,
000269,em_espera,,,0,
000270,em_espera,,,0,
000271,em_espera,,,0,
000272,em_espera,,,0,
000273,em_espera,,,0,
000274,em_espera,,,0,
000275,em_espera,,,0,
000276,em_espera,,,0,
000277,em_espera,,,0,
000278,em_espera,,,0,
000279,em_espera,,,0,
000280,em_espera,,,0,
000281,em_espera,,,0,
000282,em_espera,,,0,
000283,em_espera,,,0,
000284,em_espera,,,0,
000285,em_espera,,,0,
000286,em_espera,,,0,
000287,em_espera,,,0,
000288,em_espera,,,0,
000289,em_espera,,,0,
000290,em_espera,,,0,
000291,em_espera,,,0,
000292,em_espera,,,0,
000293,em_espera,,,0,
000294,em_espera,,,0,
000295,em_espera,,,0,
000296,em_espera,,,0,
000297,em_espera,,,0,
000298,em_espera,,,0,
000299,em_espera,,,0,
000300,em_espera,,,0,
000301,em_espera,,,0,
000302,em_espera,,,0,
000303,em_espera,,,0,
000304,em_espera,,,0,
000305,em_espera,,,0,
000306,em_espera,,,0,
000307,em_espera,,,0,
000308,em_espera,,,0,
000309,em_espera,,,0,
000310,em_espera,,,0,
000311,em_espera,,,0,
000312,em_espera,,,0,
000313,em_espera,,,0,
000314,em_espera,,,0,
000315,em_espera,,,0,
000316,em_espera,,,0,
000317,em_espera,,,0,
000318,em_espera,,,0,
000319,em_espera,,,0,
000320,em_espera,,,0,
000321,em_espera,,,0,
000322,em_espera,,,0,
000323,em_espera,,,0,
000324,em_espera,,,0,
000325,em_espera,,,0,
000326,em_espera,,,0,
000327,em_espera,,,0,
000328,em_espera,,,0,
000329,em_espera,,,0,
000330,em_espera,,,0,
000331,em_espera,,,0,
000332,em_espera,,,0,
000333,em_espera,,,0,
000334,em_espera,,,0,
000335,em_espera,,,0,
000336,em_espera,,,0,
000337,em_espera,,,0,
000338,em_espera,,,0,
000339,em_espera,,,0,
000340,em_espera,,,0,
000341,em_espera,,,0,
000342,em_espera,,,0,
000343,em_espera,,,0,
000344,em_espera,,,0,
000345,em_espera,,,0,
000346,em_espera,,,0,
000347,em_espera,,,0,
000348,em_espera,,,0,
000349,em_espera,,,0,
000350,em_espera,,,0,
000351,em_espera,,,0,
000352,em_espera,,,0,
000353,em_espera,,,0,
000354,em_espera,,,0,
000355,em_espera,,,0,
000356,em_espera,,,0,
000357,em_espera,,,0,
000358,em_espera,,,0,
000359,em_espera,,,0,
000360,em_espera,,,0,
000361,em_espera,,,0,
000362,em_espera,,,0,
000363,em_espera,,,0,
000364,em_espera,,,0,
000365,em_espera,,,0,
000366,em_espera,,,0,
000367,em_espera,,,0,
000368,em_espera,,,0,
000369,em_espera,,,0,
000370,em_espera,,,0,
000371,em_espera,,,0,
000372,em_espera,,,0,
000373,em_espera,,,0,
000374,em_espera,,,0,
000375,em_espera,,,0,
000376,em_espera,,,0,
000377,em_espera,,,0,
000378,em_espera,,,0,
000379,em_espera,,,0,
000380,em_espera,,,0,
000381,em_espera,,,0,
000382,em_espera,,,0,
000383,em_espera,,,0,
000384,em_espera,,,0,
000385,em_espera,,,0,
000386,em_espera,,,0,
000387,em_espera,,,0,
000388,em_espera,,,0,
000389,em_espera,,,0,
000390,em_espera,,,0,
000391,em_espera,,,0,
000392,em_espera,,,0,
000393,em_espera,,,0,
000394,em_espera,,,0,
000395,em_espera,,,0,
000396,em_espera,,,0,
000397,em_espera,,,0,
000398,em_espera,,,0,
000399,em_espera,,,0,
000400,em_espera,,,0,
000401,em_espera,,,0,
000402,em_espera,,,0,
000403,em_espera,,,0,
000404,em_espera,,,0,
000405,em_espera,,,0,
000406,em_espera,,,0,
000407,em_espera,,,0,
000408,em_espera,,,0,
000409,em_espera,,,0,
000410,em_espera,,,0,
000411,em_espera,,,0,
000412,em_espera,,,0,
000413,em_espera,,,0,
000414,em_espera,,,0,
000415,em_espera,,,0,
000416,em_espera,,,0,
000417,em_espera,,,0,
000418,em_espera,,,0,
000419,em_espera,,,0,
000420,em_espera,,,0,
000421,em_espera,,,0,
000422,em_espera,,,0,
000423,em_espera,,,0,
000424,em_espera,,,0,
000425,em_espera,,,0,
000426,em_espera,,,0,
000427,em_espera,,,0,
000428,em_espera,,,0,
000429,em_espera,,,0,
000430,em_espera,,,0,
000431,em_espera,,,0,
000432,em_espera,,,0,
000433,em_espera,,,0,
000434,em_espera,,,0,
000435,em_espera,,,0,
000436,em_espera,,,0,
000437,em_espera,,,0,
000438,em_espera,,,0,
000439,em_espera,,,0,
000440,em_espera,,,0,
000441,em_espera,,,0,
000442,em_espera,,,0,
000443,em_espera,,,0,
000444,em_espera,,,0,
000445,em_espera,,,0,
000446,em_espera,,,0,
000447,em_espera,,,0,
000448,em_espera,,,0,
000449,em_espera,,,0,
000450,em_espera,,,0,
000451,em_espera,,,0,
000452,em_espera,,,0,
000453,em_espera,,,0,
000454,em_espera,,,0,
000455,em_espera,,,0,
000456,em_espera,,,0,
000457,em_espera,,,0,
000458,em_espera,,,0,
000459,em_espera,,,0,
000460,em_espera,,,0,
000461,em_espera,,,0,
000462,em_espera,,,0,
000463,em_espera,,,0,
000464,em_espera,,,0,
000465,em_espera,,,0,
000466,em_espera,,,0,
000467,em_espera,,,0,
000468,em_espera,,,0,
000469,em_espera,,,0,
000470,em_espera,,,0,
000471,em_espera,,,0,
000472,em_espera,,,0,
000473,em_espera,,,0,
000474,em_espera,,,0,
000475,em_espera,,,0,
000476,em_espera,,,0,
000477,em_espera,,,0,
000478,em_espera,,,0,
000479,em_espera,,,0,
000480,em_espera,,,0,
000481,em_espera,,,0,
000482,em_espera,,,0,
000483,em_espera,,,0,
000484,em_espera,,,0,
000485,em_espera,,,0,
000486,em_espera,,,0,
000487,em_espera,,,0,
000488,em_espera,,,0,
000489,em_espera,,,0,
000490,em_espera,,,0,
000491,em_espera,,,0,
000492,em_espera,,,0,
000493,em_espera,,,0,
000494,em_espera,,,0,
000495,em_espera,,,0,
000496,em_espera,,,0,
000497,em_espera,,,0,
000498,em_espera,,,0,
000499,em_espera,,,0,
000500,em_espera,,,0,
000501,em_espera,,,0,
000502,em_espera,,,0,
000503,em_espera,,,0,
000504,em_espera,,,0,
000505,em_espera,,,0,
000506,em_espera,,,0,
000507,em_espera,,,0,
000508,em_espera,,,0,
000509,em_espera,,,0,
000510,em_espera,,,0,
000511,em_espera,,,0,
000512,em_espera,,,0,
000513,em_espera,,,0,
000514,em_espera,,,0,
000515,em_espera,,,0,
000516,em_espera,,,0,
000517,em_espera,,,0,
000518,em_espera,,,0,
000519,em_espera,,,0,
000520,em_espera,,,0,
000521,em_espera,,,0,
000522,em_espera,,,0,
000523,em_espera,,,0,
000524,em_espera,,,0,
000525,em_espera,,,0,
000526,em_espera,,,0,
000527,em_espera,,,0,
000528,em_espera,,,0,
000529,em_espera,,,0,
000530,em_espera,,,0,
000531,em_espera,,,0,
000532,em_espera,,,0,
000533,em_espera,,,0,
000534,em_espera,,,0,
000535,em_espera,,,0,
000536,em_espera,,,0,
000537,em_espera,,,0,
000538,em_espera,,,0,
000539,em_espera,,,0,
000540,em_espera,,,0,
000541,em_espera,,,0,
000542,em_espera,,,0,
000543,em_espera,,,0,
000544,em_espera,,,0,
000545,em_espera,,,0,
000546,em_espera,,,0,
000547,em_espera,,,0,
000548,em_espera,,,0,
000549,em_espera,,,0,
000550,em_espera,,,0,
000551,em_espera,,,0,
000552,em_espera,,,0,
000553,em_espera,,,0,
000554,em_espera,,,0,
000555,em_espera,,,0,
000556,em_espera,,,0,
000557,em_espera,,,0,
000558,em_espera,,,0,
000559,em_espera,,,0,
000560,em_espera,,,0,
000561,em_espera,,,0,
000562,em_espera,,,0,
000563,em_espera,,,0,
000564,em_espera,,,0,
000565,em_espera,,,0,
000566,em_espera,,,0,
000567,em_espera,,,0,
000568,em_espera,,,0,
000569,em_espera,,,0,
000570,em_espera,,,0,
000571,em_espera,,,0,
000572,em_espera,,,0,
000573,em_espera,,,0,
000574,em_espera,,,0,
000575,em_espera,,,0,
000576,em_espera,,,0,
000577,em_espera,,,0,
000578,em_espera,,,0,
000579,em_espera,,,0,
000580,em_espera,,,0,
000581,em_espera,,,0,
000582,em_espera,,,0,
000583,em_espera,,,0,
000584,em_espera,,,0,
000585,em_espera,,,0,
000586,em_espera,,,0,
000587,em_espera,,,0,
000588,em_espera,,,0,
000589,em_espera,,,0,
000590,em_espera,,,0,
000591,em_espera,,,0,
000592,em_espera,,,0,
000593,em_espera,,,0,
000594,em_espera,,,0,
000595,em_espera,,,0,
000596,em_espera,,,0,
000597,em_espera,,,0,
000598,em_espera,,,0,
000599,em_espera,,,0,
000600,em_espera,,,0,
000601,em_espera,,,0,
000602,em_espera,,,0,
000603,em_espera,,,0,
000604,em_espera,,,0,
000605,em_espera,,,0,
000606,em_espera,,,0,
000607,em_espera,,,0,
000608,em_espera,,,0,
000609,em_espera,,,0,
000610,em_espera,,,0,
000611,em_espera,,,0,
000612,em_espera,,,0,
000613,em_espera,,,0,
000614,em_espera,,,0,
000615,em_espera,,,0,
000616,em_espera,,,0,
000617,em_espera,,,0,
000618,em_espera,,,0,
000619,em_espera,,,0,
000620,em_espera,,,0,
000621,em_espera,,,0,
000622,em_espera,,,0,
000623,em_espera,,,0,
000624,em_espera,,,0,
000625,em_espera,,,0,
000626,em_espera,,,0,
000627,em_espera,,,0,
000628,em_espera,,,0,
000629,em_espera,,,0,
000630,em_espera,,,0,
000631,em_espera,,,0,
000632,em_espera,,,0,
000633,em_espera,,,0,
000634,em_espera,,,0,
000635,em_espera,,,0,
000636,em_espera,,,0,
000637,em_espera,,,0,
000638,em_espera,,,0,
000639,em_espera,,,0,
000640,em_espera,,,0,
000641,em_espera,,,0,
000642,em_espera,,,0,
000643,em_espera,,,0,
000644,em_espera,,,0,
000645,em_espera,,,0,
000646,em_espera,,,0,
000647,em_espera,,,0,
000648,em_espera,,,0,
000649,em_espera,,,0,
000650,em_espera,,,0,
000651,em_espera,,,0,
000652,em_espera,,,0,
000653,em_espera,,,0,
000654,em_espera,,,0,
000655,em_espera,,,0,
000656,em_espera,,,0,
000657,em_espera,,,0,
000658,em_espera,,,0,
000659,em_espera,,,0,
000660,em_espera,,,0,
000661,em_espera,,,0,
000662,em_espera,,,0,
000663,em_espera,,,0,
000664,em_espera,,,0,
000665,em_espera,,,0,
000666,em_espera,,,0,
000667,em_espera,,,0,
000668,em_espera,,,0,
000669,em_espera,,,0,
000670,em_espera,,,0,
000671,em_espera,,,0,
000672,em_espera,,,0,
000673,em_espera,,,0,
000674,em_espera,,,0,
000675,em_espera,,,0,
000676,em_espera,,,0,
000677,em_espera,,,0,
000678,em_espera,,,0,
000679,em_espera,,,0,
000680,em_espera,,,0,
000681,em_espera,,,0,
000682,em_espera,,,0,
000683,em_espera,,,0,
000684,em_espera,,,0,
000685,em_espera,,,0,
000686,em_espera,,,0,
000687,em_espera,,,0,
000688,em_espera,,,0,
000689,em_espera,,,0,
000690,em_espera,,,0,
000691,em_espera,,,0,
000692,em_espera,,,0,
000693,em_espera,,,0,
000694,em_espera,,,0,
000695,em_espera,,,0,
000696,em_espera,,,0,
000697,em_espera,,,0,
000698,em_espera,,,0,
000699,em_espera,,,0,
000700,em_espera,,,0,
000701,em_espera,,,0,
000702,em_espera,,,0,
000703,em_espera,,,0,
000704,em_espera,,,0,
000705,em_espera,,,0,
000706,em_espera,,,0,
000707,em_espera,,,0,
000708,em_espera,,,0,
000709,em_espera,,,0,
000710,em_espera,,,0,
000711,em_espera,,,0,
000712,em_espera,,,0,
000713,em_espera,,,0,
000714,em_espera,,,0,
000715,em_espera,,,0,
000716,em_espera,,,0,
000717,em_espera,,,0,
000718,em_espera,,,0,
000719,em_espera,,,0,
000720,em_espera,,,0,
000721,em_espera,,,0,
000722,em_espera,,,0,
000723,em_espera,,,0,
000724,em_espera,,,0,
000725,em_espera,,,0,
000726,em_espera,,,0,
000727,em_espera,,,0,
000728,em_espera,,,0,
000729,em_espera,,,0,
000730,em_espera,,,0,
000731,em_espera,,,0,
000732,em_espera,,,0,
000733,em_espera,,,0,
000734,em_espera,,,0,
000735,em_espera,,,0,
000736,em_espera,,,0,
000737,em_espera,,,0,
000738,em_espera,,,0,
000739,em_espera,,,0,
000740,em_espera,,,0,
000741,em_espera,,,0,
000742,em_espera,,,0,
000743,em_espera,,,0,
000744,em_espera,,,0,
000745,em_espera,,,0,
000746,em_espera,,,0,
000747,em_espera,,,0,
000748,em_espera,,,0,
000749,em_espera,,,0,
000750,em_espera,,,0,
000751,em_espera,,,0,
000752,em_espera,,,0,
000753,em_espera,,,0,
000754,em_espera,,,0,
000755,em_espera,,,0,
000756,em_espera,,,0,
000757,em_espera,,,0,
000758,em_espera,,,0,
000759,em_espera,,,0,
000760,em_espera,,,0,
000761,em_espera,,,0,
000762,em_espera,,,0,
000763,em_espera,,,0,
000764,em_espera,,,0,
000765,em_espera,,,0,
000766,em_espera,,,0,
000767,em_espera,,,0,
000768,em_espera,,,0,
000769,em_espera,,,0,
000770,em_espera,,,0,
000771,em_espera,,,0,
000772,em_espera,,,0,
000773,em_espera,,,0,
000774,em_espera,,,0,
000775,em_espera,,,0,
000776,em_espera,,,0,
000777,em_espera,,,0,
000778,em_espera,,,0,
000779,em_espera,,,0,
000780,em_espera,,,0,
000781,em_espera,,,0,
000782,em_espera,,,0,
000783,em_espera,,,0,
000784,em_espera,,,0,
000785,em_espera,,,0,
000786,em_espera,,,0,
000787,em_espera,,,0,
000788,em_espera,,,0,
000789,em_espera,,,0,
000790,em_espera,,,0,
000791,em_espera,,,0,
000792,em_espera,,,0,
000793,em_espera,,,0,
000794,em_espera,,,0,
000795,em_espera,,,0,
000796,em_espera,,,0,
000797,em_espera,,,0,
000798,em_espera,,,0,
000799,em_espera,,,0,
000800,em_espera,,,0,
000801,em_espera,,,0,
000802,em_espera,,,0,
000803,em_espera,,,0,
000804,em_espera,,,0,
000805,em_espera,,,0,
000806,em_espera,,,0,
000807,em_espera,,,0,
000808,em_espera,,,0,
000809,em_espera,,,0,
000810,em_espera,,,0,
000811,em_espera,,,0,
000812,em_espera,,,0,
000813,em_espera,,,0,
000814,em_espera,,,0,
000815,em_espera,,,0,
000816,em_espera,,,0,
000817,em_espera,,,0,
000818,em_espera,,,0,
000819,em_espera,,,0,
000820,em_espera,,,0,
000821,em_espera,,,0,
000822,em_espera,,,0,
000823,em_espera,,,0,
000824,em_espera,,,0,
000825,em_espera,,,0,
000826,em_espera,,,0,
000827,em_espera,,,0,
000828,em_espera,,,0,
000829,em_espera,,,0,
000830,em_espera,,,0,
000831,em_espera,,,0,
000832,em_espera,,,0,
000833,em_espera,,,0,
000834,em_espera,,,0,
000835,em_espera,,,0,
000836,em_espera,,,0,
000837,em_espera,,,0,
000838,em_espera,,,0,
000839,em_espera,,,0,
000840,em_espera,,,0,
000841,em_espera,,,0,
000842,em_espera,,,0,
000843,em_espera,,,0,
000844,em_espera,,,0,
000845,em_espera,,,0,
000846,em_espera,,,0,
000847,em_espera,,,0,
000848,em_espera,,,0,
000849,em_espera,,,0,
000850,em_espera,,,0,
000851,em_espera,,,0,
000852,em_espera,,,0,
000853,em_espera,,,0,
000854,em_espera,,,0,
000855,em_espera,,,0,
000856,em_espera,,,0,
000857,em_espera,,,0,
000858,em_espera,,,0,
000859,em_espera,,,0,
000860,em_espera,,,0,
000861,em_espera,,,0,
000862,em_espera,,,0,
000863,em_espera,,,0,
000864,em_espera,,,0,
000865,em_espera,,,0,
000866,em_espera,,,0,
000867,em_espera,,,0,
000868,em_espera,,,0,
000869,em_espera,,,0,
000870,em_espera,,,0,
000871,em_espera,,,0,
000872,em_espera,,,0,
000873,em_espera,,,0,
000874,em_espera,,,0,
000875,em_espera,,,0,
000876,em_espera,,,0,
000877,em_espera,,,0,
000878,em_espera,,,0,
000879,em_espera,,,0,
000880,em_espera,,,0,
000881,em_espera,,,0,
000882,em_espera,,,0,
000883,em_espera,,,0,
000884,em_espera,,,0,
000885,em_espera,,,0,
000886,em_espera,,,0,
000887,em_espera,,,0,
000888,em_espera,,,0,
000889,em_espera,,,0,
000890,em_espera,,,0,
000891,em_espera,,,0,
000892,em_espera,,,0,
000893,em_espera,,,0,
000894,em_espera,,,0,
000895,em_espera,,,0,
000896,em_espera,,,0,
000897,em_espera,,,0,
000898,em_espera,,,0,
000899,em_espera,,,0,
000900,em_espera,,,0,
000901,em_espera,,,0,
000902,em_espera,,,0,
000903,em_espera,,,0,
000904,em_espera,,,0,
000905,em_espera,,,0,
000906,em_espera,,,0,
000907,em_espera,,,0,
000908,em_espera,,,0,
000909,em_espera,,,0,
000910,em_espera,,,0,
000911,em_espera,,,0,
000912,em_espera,,,0,
000913,em_espera,,,0,
000914,em_espera,,,0,
000915,em_espera,,,0,
000916,em_espera,,,0,
000917,em_espera,,,0,
000918,em_espera,,,0,
000919,em_espera,,,0,
000920,em_espera,,,0,
000921,em_espera,,,0,
000922,em_espera,,,0,
000923,em_espera,,,0,
000924,em_espera,,,0,
000925,em_espera,,,0,
000926,em_espera,,,0,
000927,em_espera,,,0,
000928,em_espera,,,0,
000929,em_espera,,,0,
000930,em_espera,,,0,
000931,em_espera,,,0,
000932,em_espera,,,0,
000933,em_espera,,,0,
000934,em_espera,,,0,
000935,em_espera,,,0,
000936,em_espera,,,0,
000937,em_espera,,,0,
000938,em_espera,,,0,
000939,em_espera,,,0,
000940,em_espera,,,0,
000941,em_espera,,,0,
000942,em_espera,,,0,
000943,em_espera,,,0,
000944,em_espera,,,0,
000945,em_espera,,,0,
000946,em_espera,,,0,
000947,em_espera,,,0,
000948,em_espera,,,0,
000949,em_espera,,,0,
000950,em_espera,,,0,
000951,em_espera,,,0,
000952,em_espera,,,0,
000953,em_espera,,,0,
000954,em_espera,,,0,
000955,em_espera,,,0,
000956,em_espera,,,0,
000957,em_espera,,,0,
000958,em_espera,,,0,
000959,em_espera,,,0,
000960,em_espera,,,0,
000961,em_espera,,,0,
000962,em_espera,,,0,
000963,em_espera,,,0,
000964,em_espera,,,0,
000965,em_espera,,,0,
000966,em_espera,,,0,
000967,em_espera,,,0,
000968,em_espera,,,0,
000969,em_espera,,,0,
000970,em_espera,,,0,
000971,em_espera,,,0,
000972,em_espera,,,0,
000973,em_espera,,,0,
000974,em_espera,,,0,
000975,em_espera,,,0,
000976,em_espera,,,0,
000977,em_espera,,,0,
000978,em_espera,,,0,
000979,em_espera,,,0,
000980,em_espera,,,0,
000981,em_espera,,,0,
000982,em_espera,,,0,
000983,em_espera,,,0,
000984,em_espera,,,0,
000985,em_espera,,,0,
000986,em_espera,,,0,
000987,em_espera,,,0,
000988,em_espera,,,0,
000989,em_espera,,,0,
000990,em_espera,,,0,
000991,em_espera,,,0,
000992,em_espera,,,0,
000993,em_espera,,,0,
000994,em_espera,,,0,
000995,em_espera,,,0,
000996,em_espera,,,0,
000997,em_espera,,,0,
000998,em_espera,,,0,
000999,em_espera,,,0,
001000,em_espera,,,0,
001001,em_espera,,,0,
001002,em_espera,,,0,
001003,em_espera,,,0,
001004,em_espera,,,0,
001005,em_espera,,,0,
001006,em_espera,,,0,
001007,em_espera,,,0,
001008,em_espera,,,0,
001009,em_espera,,,0,
001010,em_espera,,,0,
001011,em_espera,,,0,
001012,em_espera,,,0,
001013,em_espera,,,0,
001014,em_espera,,,0,
001015,em_espera,,,0,
001016,em_espera,,,0,
001017,em_espera,,,0,
001018,em_espera,,,0,
001019,em_espera,,,0,
001020,em_espera,,,0,
001021,em_espera,,,0,
001022,em_espera,,,0,
001023,em_espera,,,0,
001024,em_espera,,,0,
001025,em_espera,,,0,
001026,em_espera,,,0,
001027,em_espera,,,0,
001028,em_espera,,,0,
001029,em_espera,,,0,
001030,em_espera,,,0,
001031,em_espera,,,0,
001032,em_espera,,,0,
001033,em_espera,,,0,
001034,em_espera,,,0,
001035,em_espera,,,0,
001036,em_espera,,,0,
001037,em_espera,,,0,
001038,em_espera,,,0,
001039,em_espera,,,0,
001040,em_espera,,,0,
001041,em_espera,,,0,
001042,em_espera,,,0,
001043,em_espera,,,0,
001044,em_espera,,,0,
001045,em_espera,,,0,
001046,em_espera,,,0,
001047,em_espera,,,0,
001048,em_espera,,,0,
001049,em_espera,,,0,
001050,em_espera,,,0,
001051,em_espera,,,0,
001052,em_espera,,,0,
001053,em_espera,,,0,
001054,em_espera,,,0,
001055,em_espera,,,0,
001056,em_espera,,,0,
001057,em_espera,,,0,
001058,em_espera,,,0,
001059,em_espera,,,0,
001060,em_espera,,,0,
001061,em_espera,,,0,
001062,em_espera,,,0,
001063,em_espera,,,0,
001064,em_espera,,,0,
001065,em_espera,,,0,
001066,em_espera,,,0,
001067,em_espera,,,0,
001068,em_espera,,,0,
001069,em_espera,,,0,
001070,em_espera,,,0,
001071,em_espera,,,0,
001072,em_espera,,,0,
001073,em_espera,,,0,
001074,em_espera,,,0,
001075,em_espera,,,0,
001076,em_espera,,,0,
001077,em_espera,,,0,
001078,em_espera,,,0,
001079,em_espera,,,0,
001080,em_espera,,,0,
001081,em_espera,,,0,
001082,em_espera,,,0,
001083,em_espera,,,0,
001084,em_espera,,,0,
001085,em_espera,,,0,
001086,em_espera,,,0,
001087,em_espera,,,0,
001088,em_espera,,,0,
001089,em_espera,,,0,
001090,em_espera,,,0,
001091,em_espera,,,0,
001092,em_espera,,,0,
001093,em_espera,,,0,
001094,em_espera,,,0,
001095,em_espera,,,0,
001096,em_espera,,,0,
001097,em_espera,,,0,
001098,em_espera,,,0,
001099,em_espera,,,0,
001100,em_espera,,,0,
001101,em_espera,,,0,
001102,em_espera,,,0,
001103,em_espera,,,0,
001104,em_espera,,,0,
001105,em_espera,,,0,
001106,em_espera,,,0,
001107,em_espera,,,0,
001108,em_espera,,,0,
001109,em_espera,,,0,
001110,em_espera,,,0,
001111,em_espera,,,0,
001112,em_espera,,,0,
001113,em_espera,,,0,
001114,em_espera,,,0,
001115,em_espera,,,0,
001116,em_espera,,,0,
001117,em_espera,,,0,
001118,em_espera,,,0,
001119,em_espera,,,0,
001120,em_espera,,,0,
001121,em_espera,,,0,
001122,em_espera,,,0,
001123,em_espera,,,0,
001124,em_espera,,,0,
001125,em_espera,,,0,
001126,em_espera,,,0,
001127,em_espera,,,0,
001128,em_espera,,,0,
001129,em_espera,,,0,
001130,em_espera,,,0,
001131,em_espera,,,0,
001132,em_espera,,,0,
001133,em_espera,,,0,
001134,em_espera,,,0,
001135,em_espera,,,0,
001136,em_espera,,,0,
001137,em_espera,,,0,
001138,em_espera,,,0,
001139,em_espera,,,0,
001140,em_espera,,,0,
001141,em_espera,,,0,
001142,em_espera,,,0,
001143,em_espera,,,0,
001144,em_espera,,,0,
001145,em_espera,,,0,
001146,em_espera,,,0,
001147,em_espera,,,0,
001148,em_espera,,,0,
001149,em_espera,,,0,
001150,em_espera,,,0,
001151,em_espera,,,0,
001152,em_espera,,,0,
001153,em_espera,,,0,
001154,em_espera,,,0,
001155,em_espera,,,0,
001156,em_espera,,,0,
001157,em_espera,,,0,
001158,em_espera,,,0,
001159,em_espera,,,0,
001160,em_espera,,,0,
001161,em_espera,,,0,
001162,em_espera,,,0,
001163,em_espera,,,0,
001164,em_espera,,,0,
001165,em_espera,,,0,
001166,em_espera,,,0,
001167,em_espera,,,0,
001168,em_espera,,,0,
001169,em_espera,,,0,
001170,em_espera,,,0,
001171,em_espera,,,0,
001172,em_espera,,,0,
001173,em_espera,,,0,
001174,em_espera,,,0,
001175,em_espera,,,0,
001176,em_espera,,,0,
001177,em_espera,,,0,
001178,em_espera,,,0,
001179,em_espera,,,0,
001180,em_espera,,,0,
001181,em_espera,,,0,
001182,em_espera,,,0,
001183,em_espera,,,0,
001184,em_espera,,,0,
001185,em_espera,,,0,
001186,em_espera,,,0,
001187,em_espera,,,0,
001188,em_espera,,,0,
001189,em_espera,,,0,
001190,em_espera,,,0,
001191,em_espera,,,0,
001192,em_espera,,,0,
001193,em_espera,,,0,
001194,em_espera,,,0,
001195,em_espera,,,0,
001196,em_espera,,,0,
001197,em_espera,,,0,
001198,em_espera,,,0,
001199,em_espera,,,0,
001200,em_espera,,,0,
001201,em_espera,,,0,
001202,em_espera,,,0,
001203,em_espera,,,0,
001204,em_espera,,,0,
001205,em_espera,,,0,
001206,em_espera,,,0,
001207,em_espera,,,0,
001208,em_espera,,,0,
001209,em_espera,,,0,
001210,em_espera,,,0,
001211,em_espera,,,0,
001212,em_espera,,,0,
001213,em_espera,,,0,
001214,em_espera,,,0,
001215,em_espera,,,0,
001216,em_espera,,,0,
001217,em_espera,,,0,
001218,em_espera,,,0,
001219,em_espera,,,0,
001220,em_espera,,,0,
001221,em_espera,,,0,
001222,em_espera,,,0,
001223,em_espera,,,0,
001224,em_espera,,,0,
001225,em_espera,,,0,
001226,em_espera,,,0,
001227,em_espera,,,0,
001228,em_espera,,,0,
001229,em_espera,,,0,
001230,em_espera,,,0,
001231,em_espera,,,0,
001232,em_espera,,,0,
001233,em_espera,,,0,
001234,em_espera,,,0,
001235,em_espera,,,0,
001236,em_espera,,,0,
001237,em_espera,,,0,
001238,em_espera,,,0,
001239,em_espera,,,0,
001240,em_espera,,,0,
001241,em_espera,,,0,
001242,em_espera,,,0,
001243,em_espera,,,0,
001244,em_espera,,,0,
001245,em_espera,,,0,
001246,em_espera,,,0,
001247,em_espera,,,0,
001248,em_espera,,,0,
001249,em_espera,,,0,
001250,em_espera,,,0,
001251,em_espera,,,0,
001252,em_espera,,,0,
001253,em_espera,,,0,
001254,em_espera,,,0,
001255,em_espera,,,0,
001256,em_espera,,,0,
001257,em_espera,,,0,
001258,em_espera,,,0,
001259,em_espera,,,0,
001260,em_espera,,,0,
001261,em_espera,,,0,
001262,em_espera,,,0,
001263,em_espera,,,0,
001264,em_espera,,,0,
001265,em_espera,,,0,
001266,em_espera,,,0,
001267,em_espera,,,0,
001268,em_espera,,,0,
001269,em_espera,,,0,
001270,em_espera,,,0,
001271,em_espera,,,0,
001272,em_espera,,,0,
001273,em_espera,,,0,
001274,em_espera,,,0,
001275,em_espera,,,0,
001276,em_espera,,,0,
001277,em_espera,,,0,
001278,em_espera,,,0,
001279,em_espera,,,0,
001280,em_espera,,,0,
001281,em_espera,,,0,
001282,em_espera,,,0,
001283,em_espera,,,0,
001284,em_espera,,,0,
001285,em_espera,,,0,
001286,em_espera,,,0,
001287,em_espera,,,0,
001288,em_espera,,,0,
001289,em_espera,,,0,
001290,em_espera,,,0,
001291,em_espera,,,0,
001292,em_espera,,,0,
001293,em_espera,,,0,
001294,em_espera,,,0,
001295,em_espera,,,0,
001296,em_espera,,,0,
001297,em_espera,,,0,
001298,em_espera,,,0,
001299,em_espera,,,0,
001300,em_espera,,,0,
001301,em_espera,,,0,
001302,em_espera,,,0,
001303,em_espera,,,0,
001304,em_espera,,,0,
001305,em_espera,,,0,
001306,em_espera,,,0,
001307,em_espera,,,0,
001308,em_espera,,,0,
001309,em_espera,,,0,
001310,em_espera,,,0,
001311,em_espera,,,0,
001312,em_espera,,,0,
001313,em_espera,,,0,
001314,em_espera,,,0,
001315,em_espera,,,0,
001316,em_espera,,,0,
001317,em_espera,,,0,
001318,em_espera,,,0,
001319,em_espera,,,0,
001320,em_espera,,,0,
001321,em_espera,,,0,
001322,em_espera,,,0,
001323,em_espera,,,0,
001324,em_espera,,,0,
001325,em_espera,,,0,
001326,em_espera,,,0,
001327,em_espera,,,0,
001328,em_espera,,,0,
001329,em_espera,,,0,
001330,em_espera,,,0,
001331,em_espera,,,0,
001332,em_espera,,,0,
001333,em_espera,,,0,
001334,em_espera,,,0,
001335,em_espera,,,0,
001336,em_espera,,,0,
001337,em_espera,,,0,
001338,em_espera,,,0,
001339,em_espera,,,0,
001340,em_espera,,,0,
001341,em_espera,,,0,
001342,em_espera,,,0,
001343,em_espera,,,0,
001344,em_espera,,,0,
001345,em_espera,,,0,
001346,em_espera,,,0,
001347,em_espera,,,0,
001348,em_espera,,,0,
001349,em_espera,,,0,
001350,em_espera,,,0,
001351,em_espera,,,0,
001352,em_espera,,,0,
001353,em_espera,,,0,
001354,em_espera,,,0,
001355,em_espera,,,0,
001356,em_espera,,,0,
001357,em_espera,,,0,
001358,em_espera,,,0,
001359,em_espera,,,0,
001360,em_espera,,,0,
001361,em_espera,,,0,
001362,em_espera,,,0,
001363,em_espera,,,0,
001364,em_espera,,,0,
001365,em_espera,,,0,
001366,em_espera,,,0,
001367,em_espera,,,0,
001368,em_espera,,,0,
001369,em_espera,,,0,
001370,em_espera,,,0,
001371,em_espera,,,0,
001372,em_espera,,,0,
001373,em_espera,,,0,
001374,em_espera,,,0,
001375,em_espera,,,0,
001376,em_espera,,,0,
001377,em_espera,,,0,
001378,em_espera,,,0,
001379,em_espera,,,0,
001380,em_espera,,,0,
001381,em_espera,,,0,
001382,em_espera,,,0,
001383,em_espera,,,0,
001384,em_espera,,,0,
001385,em_espera,,,0,
001386,em_espera,,,0,
001387,em_espera,,,0,
001388,em_espera,,,0,
001389,em_espera,,,0,
001390,em_espera,,,0,
001391,em_espera,,,0,
001392,em_espera,,,0,
001393,em_espera,,,0,
001394,em_espera,,,0,
001395,em_espera,,,0,
001396,em_espera,,,0,
001397,em_espera,,,0,
001398,em_espera,,,0,
001399,em_espera,,,0,
001400,em_espera,,,0,
001401,em_espera,,,0,
001402,em_espera,,,0,
001403,em_espera,,,0,
001404,em_espera,,,0,
001405,em_espera,,,0,
001406,em_espera,,,0,
001407,em_espera,,,0,
001408,em_espera,,,0,
001409,em_espera,,,0,
001410,em_espera,,,0,
001411,em_espera,,,0,
001412,em_espera,,,0,
001413,em_espera,,,0,
001414,em_espera,,,0,
001415,em_espera,,,0,
001416,em_espera,,,0,
001417,em_espera,,,0,
001418,em_espera,,,0,
001419,em_espera,,,0,
001420,em_espera,,,0,
001421,em_espera,,,0,
001422,em_espera,,,0,
001423,em_espera,,,0,
001424,em_espera,,,0,
001425,em_espera,,,0,
001426,em_espera,,,0,
001427,em_espera,,,0,
001428,em_espera,,,0,
001429,em_espera,,,0,
001430,em_espera,,,0,
001431,em_espera,,,0,
001432,em_espera,,,0,
001433,em_espera,,,0,
001434,em_espera,,,0,
001435,em_espera,,,0,
001436,em_espera,,,0,
001437,em_espera,,,0,
001438,em_espera,,,0,
001439,em_espera,,,0,
001440,em_espera,,,0,
001441,em_espera,,,0,
001442,em_espera,,,0,
001443,em_espera,,,0,
001444,em_espera,,,0,
001445,em_espera,,,0,
001446,em_espera,,,0,
001447,em_espera,,,0,
001448,em_espera,,,0,
001449,em_espera,,,0,
001450,em_espera,,,0,
001451,em_espera,,,0,
001452,em_espera,,,0,
001453,em_espera,,,0,
001454,em_espera,,,0,
001455,em_espera,,,0,
001456,em_espera,,,0,
001457,em_espera,,,0,
001458,em_espera,,,0,
001459,em_espera,,,0,
001460,em_espera,,,0,
001461,em_espera,,,0,
001462,em_espera,,,0,
001463,em_espera,,,0,
001464,em_espera,,,0,
001465,em_espera,,,0,
001466,em_espera,,,0,
001467,em_espera,,,0,
001468,em_espera,,,0,
001469,em_espera,,,0,
001470,em_espera,,,0,
001471,em_espera,,,0,
001472,em_espera,,,0,
001473,em_espera,,,0,
001474,em_espera,,,0,
001475,em_espera,,,0,
001476,em_espera,,,0,
001477,em_espera,,,0,
001478,em_espera,,,0,
001479,em_espera,,,0,
001480,em_espera,,,0,
001481,em_espera,,,0,
001482,em_espera,,,0,
001483,em_espera,,,0,
001484,em_espera,,,0,
001485,em_espera,,,0,
001486,em_espera,,,0,
001487,em_espera,,,0,
001488,em_espera,,,0,
001489,em_espera,,,0,
001490,em_espera,,,0,
001491,em_espera,,,0,
001492,em_espera,,,0,
001493,em_espera,,,0,
001494,em_espera,,,0,
001495,em_espera,,,0,
001496,em_espera,,,0,
001497,em_espera,,,0,
001498,em_espera,,,0,
001499,em_espera,,,0,
001500,em_espera,,,0,
001501,em_espera,,,0,
001502,em_espera,,,0,
001503,em_espera,,,0,
001504,em_espera,,,0,
001505,em_espera,,,0,
001506,em_espera,,,0,
001507,em_espera,,,0,
001508,em_espera,,,0,
001509,em_espera,,,0,
001510,em_espera,,,0,
001511,em_espera,,,0,
001512,em_espera,,,0,
001513,em_espera,,,0,
001514,em_espera,,,0,
001515,em_espera,,,0,
001516,em_espera,,,0,
001517,em_espera,,,0,
001518,em_espera,,,0,
001519,em_espera,,,0,
001520,em_espera,,,0,
001521,em_espera,,,0,
001522,em_espera,,,0,
001523,em_espera,,,0,
001524,em_espera,,,0,
001525,em_espera,,,0,
001526,em_espera,,,0,
001527,em_espera,,,0,
001528,em_espera,,,0,
001529,em_espera,,,0,
001530,em_espera,,,0,
001531,em_espera,,,0,
001532,em_espera,,,0,
001533,em_espera,,,0,
001534,em_espera,,,0,
001535,em_espera,,,0,
001536,em_espera,,,0,
001537,em_espera,,,0,
001538,em_espera,,,0,
001539,em_espera,,,0,
001540,em_espera,,,0,
001541,em_espera,,,0,
001542,em_espera,,,0,
001543,em_espera,,,0,
001544,em_espera,,,0,
001545,em_espera,,,0,
001546,em_espera,,,0,
001547,em_espera,,,0,
001548,em_espera,,,0,
001549,em_espera,,,0,
001550,em_espera,,,0,
001551,em_espera,,,0,
001552,em_espera,,,0,
001553,em_espera,,,0,
001554,em_espera,,,0,
001555,em_espera,,,0,
001556,em_espera,,,0,
001557,em_espera,,,0,
001558,em_espera,,,0,
001559,em_espera,,,0,
001560,em_espera,,,0,
001561,em_espera,,,0,
001562,em_espera,,,0,
001563,em_espera,,,0,
001564,em_espera,,,0,
001565,em_espera,,,0,
001566,em_espera,,,0,
001567,em_espera,,,0,
001568,em_espera,,,0,
001569,em_espera,,,0,
001570,em_espera,,,0,
001571,em_espera,,,0,
001572,em_espera,,,0,
001573,em_espera,,,0,
001574,em_espera,,,0,
001575,em_espera,,,0,
001576,em_espera,,,0,
001577,em_espera,,,0,
001578,em_espera,,,0,
001579,em_espera,,,0,
001580,em_espera,,,0,
001581,em_espera,,,0,
001582,em_espera,,,0,
001583,em_espera,,,0,
001584,em_espera,,,0,
001585,em_espera,,,0,
001586,em_espera,,,0,
001587,em_espera,,,0,
001588,em_espera,,,0,
001589,em_espera,,,0,
001590,em_espera,,,0,
001591,em_espera,,,0,
001592,em_espera,,,0,
001593,em_espera,,,0,
001594,em_espera,,,0,
001595,em_espera,,,0,
001596,em_espera,,,0,
001597,em_espera,,,0,
001598,em_espera,,,0,
001599,em_espera,,,0,
001600,em_espera,,,0,
001601,em_espera,,,0,
001602,em_espera,,,0,
001603,em_espera,,,0,
001604,em_espera,,,0,
001605,em_espera,,,0,
001606,em_espera,,,0,
001607,em_espera,,,0,
001608,em_espera,,,0,
001609,em_espera,,,0,
001610,em_espera,,,0,
001611,em_espera,,,0,
001612,em_espera,,,0,
001613,em_espera,,,0,
001614,em_espera,,,0,
001615,em_espera,,,0,
001616,em_espera,,,0,
001617,em_espera,,,0,
001618,em_espera,,,0,
001619,em_espera,,,0,
001620,em_espera,,,0,
001621,em_espera,,,0,
001622,em_espera,,,0,
001623,em_espera,,,0,
001624,em_espera,,,0,
001625,em_espera,,,0,
001626,em_espera,,,0,
001627,em_espera,,,0,
001628,em_espera,,,0,
001629,em_espera,,,0,
001630,em_espera,,,0,
001631,em_espera,,,0,
001632,em_espera,,,0,
001633,em_espera,,,0,
001634,em_espera,,,0,
001635,em_espera,,,0,
001636,em_espera,,,0,
001637,em_espera,,,0,
001638,em_espera,,,0,
001639,em_espera,,,0,
001640,em_espera,,,0,
001641,em_espera,,,0,
001642,em_espera,,,0,
001643,em_espera,,,0,
001644,em_espera,,,0,
001645,em_espera,,,0,
001646,em_espera,,,0,
001647,em_espera,,,0,
001648,em_espera,,,0,
001649,em_espera,,,0,
001650,em_espera,,,0,
001651,em_espera,,,0,
001652,em_espera,,,0,
001653,em_espera,,,0,
001654,em_espera,,,0,
001655,em_espera,,,0,
001656,em_espera,,,0,
001657,em_espera,,,0,
001658,em_espera,,,0,
001659,em_espera,,,0,
001660,em_espera,,,0,
001661,em_espera,,,0,
001662,em_espera,,,0,
001663,em_espera,,,0,
001664,em_espera,,,0,
001665,em_espera,,,0,
001666,em_espera,,,0,
001667,em_espera,,,0,
001668,em_espera,,,0,
001669,em_espera,,,0,
001670,em_espera,,,0,
001671,em_espera,,,0,
001672,em_espera,,,0,
001673,em_espera,,,0,
001674,em_espera,,,0,
001675,em_espera,,,0,
001676,em_espera,,,0,
001677,em_espera,,,0,
001678,em_espera,,,0,
001679,em_espera,,,0,
001680,em_espera,,,0,
001681,em_espera,,,0,
001682,em_espera,,,0,
001683,em_espera,,,0,
001684,em_espera,,,0,
001685,em_espera,,,0,
001686,em_espera,,,0,
001687,em_espera,,,0,
001688,em_espera,,,0,
001689,em_espera,,,0,
001690,em_espera,,,0,
001691,em_espera,,,0,
001692,em_espera,,,0,
001693,em_espera,,,0,
001694,em_espera,,,0,
001695,em_espera,,,0,
001696,em_espera,,,0,
001697,em_espera,,,0,
001698,em_espera,,,0,
001699,em_espera,,,0,
001700,em_espera,,,0,
001701,em_espera,,,0,
001702,em_espera,,,0,
001703,em_espera,,,0,
001704,em_espera,,,0,
001705,em_espera,,,0,
001706,em_espera,,,0,
001707,em_espera,,,0,
001708,em_espera,,,0,
001709,em_espera,,,0,
001710,em_espera,,,0,
001711,em_espera,,,0,
001712,em_espera,,,0,
001713,em_espera,,,0,
001714,em_espera,,,0,
001715,em_espera,,,0,
001716,em_espera,,,0,
001717,em_espera,,,0,
001718,em_espera,,,0,
001719,em_espera,,,0,
001720,em_espera,,,0,
001721,em_espera,,,0,
001722,em_espera,,,0,
001723,em_espera,,,0,
001724,em_espera,,,0,
001725,em_espera,,,0,
001726,em_espera,,,0,
001727,em_espera,,,0,
001728,em_espera,,,0,
001729,em_espera,,,0,
001730,em_espera,,,0,
001731,em_espera,,,0,
001732,em_espera,,,0,
001733,em_espera,,,0,
001734,em_espera,,,0,
001735,em_espera,,,0,
001736,em_espera,,,0,
001737,em_espera,,,0,
001738,em_espera,,,0,
001739,em_espera,,,0,
001740,em_espera,,,0,
001741,em_espera,,,0,
001742,em_espera,,,0,
001743,em_espera,,,0,
001744,em_espera,,,0,
001745,em_espera,,,0,
001746,em_espera,,,0,
001747,em_espera,,,0,
001748,em_espera,,,0,
001749,em_espera,,,0,
001750,em_espera,,,0,
001751,em_espera,,,0,
001752,em_espera,,,0,
001753,em_espera,,,0,
001754,em_espera,,,0,
001755,em_espera,,,0,
001756,em_espera,,,0,
001757,em_espera,,,0,
001758,em_espera,,,0,
001759,em_espera,,,0,
001760,em_espera,,,0,
001761,em_espera,,,0,
001762,em_espera,,,0,
001763,em_espera,,,0,
001764,em_espera,,,0,
001765,em_espera,,,0,
001766,em_espera,,,0,
001767,em_espera,,,0,
001768,em_espera,,,0,
001769,em_espera,,,0,
001770,em_espera,,,0,
001771,em_espera,,,0,
001772,em_espera,,,0,
001773,em_espera,,,0,
001774,em_espera,,,0,
001775,em_espera,,,0,
001776,em_espera,,,0,
001777,em_espera,,,0,
001778,em_espera,,,0,
001779,em_espera,,,0,
001780,em_espera,,,0,
001781,em_espera,,,0,
001782,em_espera,,,0,
001783,em_espera,,,0,
001784,em_espera,,,0,
001785,em_espera,,,0,
001786,em_espera,,,0,
001787,em_espera,,,0,
001788,em_espera,,,0,
001789,em_espera,,,0,
001790,em_espera,,,0,
001791,em_espera,,,0,
001792,em_espera,,,0,
001793,em_espera,,,0,
001794,em_espera,,,0,
001795,em_espera,,,0,
001796,em_espera,,,0,
001797,em_espera,,,0,
001798,em_espera,,,0,
001799,em_espera,,,0,
001800,em_espera,,,0,
001801,em_espera,,,0,
001802,em_espera,,,0,
001803,em_espera,,,0,
001804,em_espera,,,0,
001805,em_espera,,,0,
001806,em_espera,,,0,
001807,em_espera,,,0,
001808,em_espera,,,0,
001809,em_espera,,,0,
001810,em_espera,,,0,
001811,em_espera,,,0,
001812,em_espera,,,0,
001813,em_espera,,,0,
001814,em_espera,,,0,
001815,em_espera,,,0,
001816,em_espera,,,0,
001817,em_espera,,,0,
001818,em_espera,,,0,
001819,em_espera,,,0,
001820,em_espera,,,0,
001821,em_espera,,,0,
001822,em_espera,,,0,
001823,em_espera,,,0,
001824,em_espera,,,0,
001825,em_espera,,,0,
001826,em_espera,,,0,
001827,em_espera,,,0,
001828,em_espera,,,0,
001829,em_espera,,,0,
001830,em_espera,,,0,
001831,em_espera,,,0,
001832,em_espera,,,0,
001833,em_espera,,,0,
001834,em_espera,,,0,
001835,em_espera,,,0,
001836,em_espera,,,0,
001837,em_espera,,,0,
001838,em_espera,,,0,
001839,em_espera,,,0,
001840,em_espera,,,0,
001841,em_espera,,,0,
001842,em_espera,,,0,
001843,em_espera,,,0,
001844,em_espera,,,0,
001845,em_espera,,,0,
001846,em_espera,,,0,
001847,em_espera,,,0,
001848,em_espera,,,0,
001849,em_espera,,,0,
001850,em_espera,,,0,
001851,em_espera,,,0,
001852,em_espera,,,0,
001853,em_espera,,,0,
001854,em_espera,,,0,
001855,em_espera,,,0,
001856,em_espera,,,0,
001857,em_espera,,,0,
001858,em_espera,,,0,
001859,em_espera,,,0,
001860,em_espera,,,0,
001861,em_espera,,,0,
001862,em_espera,,,0,
001863,em_espera,,,0,
001864,em_espera,,,0,
001865,em_espera,,,0,
001866,em_espera,,,0,
001867,em_espera,,,0,
001868,em_espera,,,0,
001869,em_espera,,,0,
001870,em_espera,,,0,
001871,em_espera,,,0,
001872,em_espera,,,0,
001873,em_espera,,,0,
001874,em_espera,,,0,
001875,em_espera,,,0,
001876,em_espera,,,0,
001877,em_espera,,,0,
001878,em_espera,,,0,
001879,em_espera,,,0,
001880,em_espera,,,0,
001881,em_espera,,,0,
001882,em_espera,,,0,
001883,em_espera,,,0,
001884,em_espera,,,0,
001885,em_espera,,,0,
001886,em_espera,,,0,
001887,em_espera,,,0,
001888,em_espera,,,0,
001889,em_espera,,,0,
001890,em_espera,,,0,
001891,em_espera,,,0,
001892,em_espera,,,0,
001893,em_espera,,,0,
001894,em_espera,,,0,
001895,em_espera,,,0,
001896,em_espera,,,0,
001897,em_espera,,,0,
001898,em_espera,,,0,
001899,em_espera,,,0,
001900,em_espera,,,0,
001901,em_espera,,,0,
001902,em_espera,,,0,
001903,em_espera,,,0,
001904,em_espera,,,0,
001905,em_espera,,,0,
001906,em_espera,,,0,
001907,em_espera,,,0,
001908,em_espera,,,0,
001909,em_espera,,,0,
001910,em_espera,,,0,
001911,em_espera,,,0,
001912,em_espera,,,0,
001913,em_espera,,,0,
001914,em_espera,,,0,
001915,em_espera,,,0,
001916,em_espera,,,0,
001917,em_espera,,,0,
001918,em_espera,,,0,
001919,em_espera,,,0,
001920,em_espera,,,0,
001921,em_espera,,,0,
001922,em_espera,,,0,
001923,em_espera,,,0,
001924,em_espera,,,0,
001925,em_espera,,,0,
001926,em_espera,,,0,
001927,em_espera,,,0,
001928,em_espera,,,0,
001929,em_espera,,,0,
001930,em_espera,,,0,
001931,em_espera,,,0,
001932,em_espera,,,0,
001933,em_espera,,,0,
001934,em_espera,,,0,
001935,em_espera,,,0,
001936,em_espera,,,0,
001937,em_espera,,,0,
001938,em_espera,,,0,
001939,em_espera,,,0,
001940,em_espera,,,0,
001941,em_espera,,,0,
001942,em_espera,,,0,
001943,em_espera,,,0,
001944,em_espera,,,0,
001945,em_espera,,,0,
001946,em_espera,,,0,
001947,em_espera,,,0,
001948,em_espera,,,0,
001949,em_espera,,,0,
001950,em_espera,,,0,
001951,em_espera,,,0,
001952,em_espera,,,0,
001953,em_espera,,,0,
001954,em_espera,,,0,
001955,em_espera,,,0,
001956,em_espera,,,0,
001957,em_espera,,,0,
001958,em_espera,,,0,
001959,em_espera,,,0,
001960,em_espera,,,0,
001961,em_espera,,,0,
001962,em_espera,,,0,
001963,em_espera,,,0,
001964,em_espera,,,0,
001965,em_espera,,,0,
001966,em_espera,,,0,
001967,em_espera,,,0,
001968,em_espera,,,0,
001969,em_espera,,,0,
001970,em_espera,,,0,
001971,em_espera,,,0,
001972,em_espera,,,0,
001973,em_espera,,,0,
001974,em_espera,,,0,
001975,em_espera,,,0,
001976,em_espera,,,0,
001977,em_espera,,,0,
001978,em_espera,,,0,
001979,em_espera,,,0,
001980,em_espera,,,0,
001981,em_espera,,,0,
001982,em_espera,,,0,
001983,em_espera,,,0,
001984,em_espera,,,0,
001985,em_espera,,,0,
001986,em_espera,,,0,
001987,em_espera,,,0,
001988,em_espera,,,0,
001989,em_espera,,,0,
001990,em_espera,,,0,
001991,em_espera,,,0,
001992,em_espera,,,0,
001993,em_espera,,,0,
001994,em_espera,,,0,
001995,em_espera,,,0,
001996,em_espera,,,0,
001997,em_espera,,,0,
001998,em_espera,,,0,
001999,em_espera,,,0,
002000,em_espera,,,0,
002001,em_espera,,,0,
002002,em_espera,,,0,
002003,em_espera,,,0,
002004,em_espera,,,0,
002005,em_espera,,,0,
002006,em_espera,,,0,
002007,em_espera,,,0,
002008,em_espera,,,0,
002009,em_espera,,,0,
002010,em_espera,,,0,
002011,em_espera,,,0,
002012,em_espera,,,0,
002013,em_espera,,,0,
002014,em_espera,,,0,
002015,em_espera,,,0,
002016,em_espera,,,0,
002017,em_espera,,,0,
002018,em_espera,,,0,
002019,em_espera,,,0,
002020,em_espera,,,0,
002021,em_espera,,,0,
002022,em_espera,,,0,
002023,em_espera,,,0,
002024,em_espera,,,0,
002025,em_espera,,,0,
002026,em_espera,,,0,
002027,em_espera,,,0,
002028,em_espera,,,0,
002029,em_espera,,,0,
002030,em_espera,,,0,
002031,em_espera,,,0,
002032,em_espera,,,0,
002033,em_espera,,,0,
002034,em_espera,,,0,
002035,em_espera,,,0,
002036,em_espera,,,0,
002037,em_espera,,,0,
002038,em_espera,,,0,
002039,em_espera,,,0,
002040,em_espera,,,0,
002041,em_espera,,,0,
002042,em_espera,,,0,
002043,em_espera,,,0,
002044,em_espera,,,0,
002045,em_espera,,,0,
002046,em_espera,,,0,
002047,em_espera,,,0,
002048,em_espera,,,0,
002049,em_espera,,,0,
002050,em_espera,,,0,
002051,em_espera,,,0,
002052,em_espera,,,0,
002053,em_espera,,,0,
002054,em_espera,,,0,
002055,em_espera,,,0,
002056,em_espera,,,0,
002057,em_espera,,,0,
002058,em_espera,,,0,
002059,em_espera,,,0,
002060,em_espera,,,0,
002061,em_espera,,,0,
002062,em_espera,,,0,
002063,em_espera,,,0,
002064,em_espera,,,0,
002065,em_espera,,,0,
002066,em_espera,,,0,
002067,em_espera,,,0,
002068,em_espera,,,0,
002069,em_espera,,,0,
002070,em_espera,,,0,
002071,em_espera,,,0,
002072,em_espera,,,0,
002073,em_espera,,,0,
002074,em_espera,,,0,
002075,em_espera,,,0,
002076,em_espera,,,0,
002077,em_espera,,,0,
002078,em_espera,,,0,
002079,em_espera,,,0,
002080,em_espera,,,0,
002081,em_espera,,,0,
002082,em_espera,,,0,
002083,em_espera,,,0,
002084,em_espera,,,0,
002085,em_espera,,,0,
002086,em_espera,,,0,
002087,em_espera,,,0,
002088,em_espera,,,0,
002089,em_espera,,,0,
002090,em_espera,,,0,
002091,em_espera,,,0,
002092,em_espera,,,0,
002093,em_espera,,,0,
002094,em_espera,,,0,
002095,em_espera,,,0,
002096,em_espera,,,0,
002097,em_espera,,,0,
002098,em_espera,,,0,
002099,em_espera,,,0,
002100,em_espera,,,0,
002101,em_espera,,,0,
002102,em_espera,,,0,
002103,em_espera,,,0,
002104,em_espera,,,0,
002105,em_espera,,,0,
002106,em_espera,,,0,
002107,em_espera,,,0,
002108,em_espera,,,0,
002109,em_espera,,,0,
002110,em_espera,,,0,
002111,em_espera,,,0,
002112,em_espera,,,0,
002113,em_espera,,,0,
002114,em_espera,,,0,
002115,em_espera,,,0,
002116,em_espera,,,0,
002117,em_espera,,,0,
002118,em_espera,,,0,
002119,em_espera,,,0,
002120,em_espera,,,0,
002121,em_espera,,,0,
002122,em_espera,,,0,
002123,em_espera,,,0,
002124,em_espera,,,0,
002125,em_espera,,,0,
002126,em_espera,,,0,
002127,em_espera,,,0,
002128,em_espera,,,0,
002129,em_espera,,,0,
002130,em_espera,,,0,
002131,em_espera,,,0,
002132,em_espera,,,0,
002133,em_espera,,,0,
002134,em_espera,,,0,
002135,em_espera,,,0,
002136,em_espera,,,0,
002137,em_espera,,,0,
002138,em_espera,,,0,
002139,em_espera,,,0,
002140,em_espera,,,0,
002141,em_espera,,,0,
002142,em_espera,,,0,
002143,em_espera,,,0,
002144,em_espera,,,0,
002145,em_espera,,,0,
002146,em_espera,,,0,
002147,em_espera,,,0,
002148,em_espera,,,0,
002149,em_espera,,,0,
002150,em_espera,,,0,
002151,em_espera,,,0,
002152,em_espera,,,0,
002153,em_espera,,,0,
002154,em_espera,,,0,
002155,em_espera,,,0,
002156,em_espera,,,0,
002157,em_espera,,,0,
002158,em_espera,,,0,
002159,em_espera,,,0,
002160,em_espera,,,0,
002161,em_espera,,,0,
002162,em_espera,,,0,
002163,em_espera,,,0,
002164,em_espera,,,0,
002165,em_espera,,,0,
002166,em_espera,,,0,
002167,em_espera,,,0,
002168,em_espera,,,0,
002169,em_espera,,,0,
002170,em_espera,,,0,
002171,em_espera,,,0,
002172,em_espera,,,0,
002173,em_espera,,,0,
002174,em_espera,,,0,
002175,em_espera,,,0,
002176,em_espera,,,0,
002177,em_espera,,,0,
002178,em_espera,,,0,
002179,em_espera,,,0,
002180,em_espera,,,0,
002181,em_espera,,,0,
002182,em_espera,,,0,
002183,em_espera,,,0,
002184,em_espera,,,0,
002185,em_espera,,,0,
002186,em_espera,,,0,
002187,em_espera,,,0,
002188,em_espera,,,0,
002189,em_espera,,,0,
002190,em_espera,,,0,
002191,em_espera,,,0,
002192,em_espera,,,0,
002193,em_espera,,,0,
002194,em_espera,,,0,
002195,em_espera,,,0,
002196,em_espera,,,0,
002197,em_espera,,,0,
002198,em_espera,,,0,
002199,em_espera,,,0,
002200,em_espera,,,0,
002201,em_espera,,,0,
002202,em_espera,,,0,
002203,em_espera,,,0,
002204,em_espera,,,0,
002205,em_espera,,,0,
002206,em_espera,,,0,
002207,em_espera,,,0,
002208,em_espera,,,0,
002209,em_espera,,,0,
002210,em_espera,,,0,
002211,em_espera,,,0,
002212,em_espera,,,0,
002213,em_espera,,,0,
002214,em_espera,,,0,
002215,em_espera,,,0,
002216,em_espera,,,0,
002217,em_espera,,,0,
002218,em_espera,,,0,
002219,em_espera,,,0,
002220,em_espera,,,0,
002221,em_espera,,,0,
002222,em_espera,,,0,
002223,em_espera,,,0,
002224,em_espera,,,0,
002225,em_espera,,,0,
002226,em_espera,,,0,
002227,em_espera,,,0,
002228,em_espera,,,0,
002229,em_espera,,,0,
002230,em_espera,,,0,
002231,em_espera,,,0,
002232,em_espera,,,0,
002233,em_espera,,,0,
002234,em_espera,,,0,
002235,em_espera,,,0,
002236,em_espera,,,0,
002237,em_espera,,,0,
002238,em_espera,,,0,
002239,em_espera,,,0,
002240,em_espera,,,0,
002241,em_espera,,,0,
002242,em_espera,,,0,
002243,em_espera,,,0,
002244,em_espera,,,0,
002245,em_espera,,,0,
002246,em_espera,,,0,
002247,em_espera,,,0,
002248,em_espera,,,0,
002249,em_espera,,,0,
002250,em_espera,,,0,
002251,em_espera,,,0,
002252,em_espera,,,0,
002253,em_espera,,,0,
002254,em_espera,,,0,
002255,em_espera,,,0,
002256,em_espera,,,0,
002257,em_espera,,,0,
002258,em_espera,,,0,
002259,em_espera,,,0,
002260,em_espera,,,0,
002261,em_espera,,,0,
002262,em_espera,,,0,
002263,em_espera,,,0,
002264,em_espera,,,0,
002265,em_espera,,,0,
002266,em_espera,,,0,
002267,em_espera,,,0,
002268,em_espera,,,0,
002269,em_espera,,,0,
002270,em_espera,,,0,
002271,em_espera,,,0,
002272,em_espera,,,0,
002273,em_espera,,,0,
002274,em_espera,,,0,
002275,em_espera,,,0,
002276,em_espera,,,0,
002277,em_espera,,,0,
002278,em_espera,,,0,
002279,em_espera,,,0,
002280,em_espera,,,0,
002281,em_espera,,,0,
002282,em_espera,,,0,
002283,em_espera,,,0,
002284,em_espera,,,0,
002285,em_espera,,,0,
002286,em_espera,,,0,
002287,em_espera,,,0,
002288,em_espera,,,0,
002289,em_espera,,,0,
002290,em_espera,,,0,
002291,em_espera,,,0,
002292,em_espera,,,0,
002293,em_espera,,,0,
002294,em_espera,,,0,
002295,em_espera,,,0,
002296,em_espera,,,0,
002297,em_espera,,,0,
002298,em_espera,,,0,
002299,em_espera,,,0,
002300,em_espera,,,0,
002301,em_espera,,,0,
002302,em_espera,,,0,
002303,em_espera,,,0,
002304,em_espera,,,0,
002305,em_espera,,,0,
002306,em_espera,,,0,
002307,em_espera,,,0,
002308,em_espera,,,0,
002309,em_espera,,,0,
002310,em_espera,,,0,
002311,em_espera,,,0,
002312,em_espera,,,0,
002313,em_espera,,,0,
002314,em_espera,,,0,
002315,em_espera,,,0,
002316,em_espera,,,0,
002317,em_espera,,,0,
002318,em_espera,,,0,
002319,em_espera,,,0,
002320,em_espera,,,0,
002321,em_espera,,,0,
002322,em_espera,,,0,
002323,em_espera,,,0,
002324,em_espera,,,0,
002325,em_espera,,,0,
002326,em_espera,,,0,
002327,em_espera,,,0,
002328,em_espera,,,0,
002329,em_espera,,,0,
002330,em_espera,,,0,
002331,em_espera,,,0,
002332,em_espera,,,0,
002333,em_espera,,,0,
002334,em_espera,,,0,
002335,em_espera,,,0,
002336,em_espera,,,0,
002337,em_espera,,,0,
002338,em_espera,,,0,
002339,em_espera,,,0,
002340,em_espera,,,0,
002341,em_espera,,,0,
002342,em_espera,,,0,
002343,em_espera,,,0,
002344,em_espera,,,0,
002345,em_espera,,,0,
002346,em_espera,,,0,
002347,em_espera,,,0,
002348,em_espera,,,0,
002349,em_espera,,,0,
002350,em_espera,,,0,
002351,em_espera,,,0,
002352,em_espera,,,0,
002353,em_espera,,,0,
002354,em_espera,,,0,
002355,em_espera,,,0,
002356,em_espera,,,0,
002357,em_espera,,,0,
002358,em_espera,,,0,
002359,em_espera,,,0,
002360,em_espera,,,0,
002361,em_espera,,,0,
002362,em_espera,,,0,
002363,em_espera,,,0,
002364,em_espera,,,0,
002365,em_espera,,,0,
002366,em_espera,,,0,
002367,em_espera,,,0,
002368,em_espera,,,0,
002369,em_espera,,,0,
002370,em_espera,,,0,
002371,em_espera,,,0,
002372,em_espera,,,0,
002373,em_espera,,,0,
002374,em_espera,,,0,
002375,em_espera,,,0,
002376,em_espera,,,0,
002377,em_espera,,,0,
002378,em_espera,,,0,
002379,em_espera,,,0,
002380,em_espera,,,0,
002381,em_espera,,,0,
002382,em_espera,,,0,
002383,em_espera,,,0,
002384,em_espera,,,0,
002385,em_espera,,,0,
002386,em_espera,,,0,
002387,em_espera,,,0,
002388,em_espera,,,0,
002389,em_espera,,,0,
002390,em_espera,,,0,
002391,em_espera,,,0,
002392,em_espera,,,0,
002393,em_espera,,,0,
002394,em_espera,,,0,
002395,em_espera,,,0,
002396,em_espera,,,0,
002397,em_espera,,,0,
002398,em_espera,,,0,
002399,em_espera,,,0,
002400,em_espera,,,0,
002401,em_espera,,,0,
002402,em_espera,,,0,
002403,em_espera,,,0,
002404,em_espera,,,0,
002405,em_espera,,,0,
002406,em_espera,,,0,
002407,em_espera,,,0,
002408,em_espera,,,0,
002409,em_espera,,,0,
002410,em_espera,,,0,
002411,em_espera,,,0,
002412,em_espera,,,0,
002413,em_espera,,,0,
002414,em_espera,,,0,
002415,em_espera,,,0,
002416,em_espera,,,0,
002417,em_espera,,,0,
002418,em_espera,,,0,
002419,em_espera,,,0,
002420,em_espera,,,0,
002421,em_espera,,,0,
002422,em_espera,,,0,
002423,em_espera,,,0,
002424,em_espera,,,0,
002425,em_espera,,,0,
002426,em_espera,,,0,
002427,em_espera,,,0,
002428,em_espera,,,0,
002429,em_espera,,,0,
002430,em_espera,,,0,
002431,em_espera,,,0,
002432,em_espera,,,0,
002433,em_espera,,,0,
002434,em_espera,,,0,
002435,em_espera,,,0,
002436,em_espera,,,0,
002437,em_espera,,,0,
002438,em_espera,,,0,
002439,em_espera,,,0,
002440,em_espera,,,0,
002441,em_espera,,,0,
002442,em_espera,,,0,
002443,em_espera,,,0,
002444,em_espera,,,0,
002445,em_espera,,,0,
002446,em_espera,,,0,
002447,em_espera,,,0,
002448,em_espera,,,0,
002449,em_espera,,,0,
002450,em_espera,,,0,
002451,em_espera,,,0,
002452,em_espera,,,0,
002453,em_espera,,,0,
002454,em_espera,,,0,
002455,em_espera,,,0,
002456,em_espera,,,0,
002457,em_espera,,,0,
002458,em_espera,,,0,
002459,em_espera,,,0,
002460,em_espera,,,0,
002461,em_espera,,,0,
002462,em_espera,,,0,
002463,em_espera,,,0,
002464,em_espera,,,0,
002465,em_espera,,,0,
002466,em_espera,,,0,
002467,em_espera,,,0,
002468,em_espera,,,0,
002469,em_espera,,,0,
002470,em_espera,,,0,
002471,em_espera,,,0,
002472,em_espera,,,0,
002473,em_espera,,,0,
002474,em_espera,,,0,
002475,em_espera,,,0,
002476,em_espera,,,0,
002477,em_espera,,,0,
002478,em_espera,,,0,
002479,em_espera,,,0,
002480,em_espera,,,0,
002481,em_espera,,,0,
002482,em_espera,,,0,
002483,em_espera,,,0,
002484,em_espera,,,0,
002485,em_espera,,,0,
002486,em_espera,,,0,
002487,em_espera,,,0,
002488,em_espera,,,0,
002489,em_espera,,,0,
002490,em_espera,,,0,
002491,em_espera,,,0,
002492,em_espera,,,0,
002493,em_espera,,,0,
002494,em_espera,,,0,
002495,em_espera,,,0,
002496,em_espera,,,0,
002497,em_espera,,,0,
002498,em_espera,,,0,
002499,em_espera,,,0,
002500,em_espera,,,0,
002501,em_espera,,,0,
002502,em_espera,,,0,
002503,em_espera,,,0,
002504,em_espera,,,0,
002505,em_espera,,,0,
002506,em_espera,,,0,
002507,em_espera,,,0,
002508,em_espera,,,0,
002509,em_espera,,,0,
002510,em_espera,,,0,
002511,em_espera,,,0,
002512,em_espera,,,0,
002513,em_espera,,,0,
002514,em_espera,,,0,
002515,em_espera,,,0,
002516,em_espera,,,0,
002517,em_espera,,,0,
002518,em_espera,,,0,
002519,em_espera,,,0,
002520,em_espera,,,0,
002521,em_espera,,,0,
002522,em_espera,,,0,
002523,em_espera,,,0,
002524,em_espera,,,0,
002525,em_espera,,,0,
002526,em_espera,,,0,
002527,em_espera,,,0,
002528,em_espera,,,0,
002529,em_espera,,,0,
002530,em_espera,,,0,
002531,em_espera,,,0,
002532,em_espera,,,0,
002533,em_espera,,,0,
002534,em_espera,,,0,
002535,em_espera,,,0,
002536,em_espera,,,0,
002537,em_espera,,,0,
002538,em_espera,,,0,
002539,em_espera,,,0,
002540,em_espera,,,0,
002541,em_espera,,,0,
002542,em_espera,,,0,
002543,em_espera,,,0,
002544,em_espera,,,0,
002545,em_espera,,,0,
002546,em_espera,,,0,
002547,em_espera,,,0,
002548,em_espera,,,0,
002549,em_espera,,,0,
002550,em_espera,,,0,
002551,em_espera,,,0,
002552,em_espera,,,0,
002553,em_espera,,,0,
002554,em_espera,,,0,
002555,em_espera,,,0,
002556,em_espera,,,0,
002557,em_espera,,,0,
002558,em_espera,,,0,
002559,em_espera,,,0,
002560,em_espera,,,0,
002561,em_espera,,,0,
002562,em_espera,,,0,
002563,em_espera,,,0,
002564,em_espera,,,0,
002565,em_espera,,,0,
002566,em_espera,,,0,
002567,em_espera,,,0,
002568,em_espera,,,0,
002569,em_espera,,,0,
002570,em_espera,,,0,
002571,em_espera,,,0,
002572,em_espera,,,0,
002573,em_espera,,,0,
002574,em_espera,,,0,
002575,em_espera,,,0,
002576,em_espera,,,0,
002577,em_espera,,,0,
002578,em_espera,,,0,
002579,em_espera,,,0,
002580,em_espera,,,0,
002581,em_espera,,,0,
002582,em_espera,,,0,
002583,em_espera,,,0,
002584,em_espera,,,0,
002585,em_espera,,,0,
002586,em_espera,,,0,
002587,em_espera,,,0,
002588,em_espera,,,0,
002589,em_espera,,,0,
002590,em_espera,,,0,
002591,em_espera,,,0,
002592,em_espera,,,0,
002593,em_espera,,,0,
002594,em_espera,,,0,
002595,em_espera,,,0,
002596,em_espera,,,0,
002597,em_espera,,,0,
002598,em_espera,,,0,
002599,em_espera,,,0,
002600,em_espera,,,0,
002601,em_espera,,,0,
002602,em_espera,,,0,
002603,em_espera,,,0,
002604,em_espera,,,0,
002605,em_espera,,,0,
002606,em_espera,,,0,
002607,em_espera,,,0,
002608,em_espera,,,0,
002609,em_espera,,,0,
002610,em_espera,,,0,
002611,em_espera,,,0,
002612,em_espera,,,0,
002613,em_espera,,,0,
002614,em_espera,,,0,
002615,em_espera,,,0,
002616,em_espera,,,0,
002617,em_espera,,,0,
002618,em_espera,,,0,
002619,em_espera,,,0,
002620,em_espera,,,0,
002621,em_espera,,,0,
002622,em_espera,,,0,
002623,em_espera,,,0,
002624,em_espera,,,0,
002625,em_espera,,,0,
002626,em_espera,,,0,
002627,em_espera,,,0,
002628,em_espera,,,0,
002629,em_espera,,,0,
002630,em_espera,,,0,
002631,em_espera,,,0,
002632,em_espera,,,0,
002633,em_espera,,,0,
002634,em_espera,,,0,
002635,em_espera,,,0,
002636,em_espera,,,0,
002637,em_espera,,,0,
002638,em_espera,,,0,
002639,em_espera,,,0,
002640,em_espera,,,0,
002641,em_espera,,,0,
002642,em_espera,,,0,
002643,em_espera,,,0,
002644,em_espera,,,0,
002645,em_espera,,,0,
002646,em_espera,,,0,
002647,em_espera,,,0,
002648,em_espera,,,0,
002649,em_espera,,,0,
002650,em_espera,,,0,
002651,em_espera,,,0,
002652,em_espera,,,0,
002653,em_espera,,,0,
002654,em_espera,,,0,
002655,em_espera,,,0,
002656,em_espera,,,0,
002657,em_espera,,,0,
002658,em_espera,,,0,
002659,em_espera,,,0,
002660,em_espera,,,0,
002661,em_espera,,,0,
002662,em_espera,,,0,
002663,em_espera,,,0,
002664,em_espera,,,0,
002665,em_espera,,,0,
002666,em_espera,,,0,
002667,em_espera,,,0,
002668,em_espera,,,0,
002669,em_espera,,,0,
002670,em_espera,,,0,
002671,em_espera,,,0,
002672,em_espera,,,0,
002673,em_espera,,,0,
002674,em_espera,,,0,
002675,em_espera,,,0,
002676,em_espera,,,0,
002677,em_espera,,,0,
002678,em_espera,,,0,
002679,em_espera,,,0,
002680,em_espera,,,0,
002681,em_espera,,,0,
002682,em_espera,,,0,
002683,em_espera,,,0,
002684,em_espera,,,0,
002685,em_espera,,,0,
002686,em_espera,,,0,
002687,em_espera,,,0,
002688,em_espera,,,0,
002689,em_espera,,,0,
002690,em_espera,,,0,
002691,em_espera,,,0,
002692,em_espera,,,0,
002693,em_espera,,,0,
002694,em_espera,,,0,
002695,em_espera,,,0,
002696,em_espera,,,0,
002697,em_espera,,,0,
002698,em_espera,,,0,
002699,em_espera,,,0,
002700,em_espera,,,0,
002701,em_espera,,,0,
002702,em_espera,,,0,
002703,em_espera,,,0,
002704,em_espera,,,0,
002705,em_espera,,,0,
002706,em_espera,,,0,
002707,em_espera,,,0,
002708,em_espera,,,0,
002709,em_espera,,,0,
002710,em_espera,,,0,
002711,em_espera,,,0,
002712,em_espera,,,0,
002713,em_espera,,,0,
002714,em_espera,,,0,
002715,em_espera,,,0,
002716,em_espera,,,0,
002717,em_espera,,,0,
002718,em_espera,,,0,
002719,em_espera,,,0,
002720,em_espera,,,0,
002721,em_espera,,,0,
002722,em_espera,,,0,
002723,em_espera,,,0,
002724,em_espera,,,0,
002725,em_espera,,,0,
002726,em_espera,,,0,
002727,em_espera,,,0,
002728,em_espera,,,0,
002729,em_espera,,,0,
002730,em_espera,,,0,
002731,em_espera,,,0,
002732,em_espera,,,0,
002733,em_espera,,,0,
002734,em_espera,,,0,
002735,em_espera,,,0,
002736,em_espera,,,0,
002737,em_espera,,,0,
002738,em_espera,,,0,
002739,em_espera,,,0,
002740,em_espera,,,0,
002741,em_espera,,,0,
002742,em_espera,,,0,
002743,em_espera,,,0,
002744,em_espera,,,0,
002745,em_espera,,,0,
002746,em_espera,,,0,
002747,em_espera,,,0,
002748,em_espera,,,0,
002749,em_espera,,,0,
002750,em_espera,,,0,
002751,em_espera,,,0,
002752,em_espera,,,0,
002753,em_espera,,,0,
002754,em_espera,,,0,
002755,em_espera,,,0,
002756,em_espera,,,0,
002757,em_espera,,,0,
002758,em_espera,,,0,
002759,em_espera,,,0,
002760,em_espera,,,0,
002761,em_espera,,,0,
002762,em_espera,,,0,
002763,em_espera,,,0,
002764,em_espera,,,0,
002765,em_espera,,,0,
002766,em_espera,,,0,
002767,em_espera,,,0,
002768,em_espera,,,0,
002769,em_espera,,,0,
002770,em_espera,,,0,
002771,em_espera,,,0,
002772,em_espera,,,0,
002773,em_espera,,,0,
002774,em_espera,,,0,
002775,em_espera,,,0,
002776,em_espera,,,0,
002777,em_espera,,,0,
002778,em_espera,,,0,
002779,em_espera,,,0,
002780,em_espera,,,0,
002781,em_espera,,,0,
002782,em_espera,,,0,
002783,em_espera,,,0,
002784,em_espera,,,0,
002785,em_espera,,,0,
002786,em_espera,,,0,
002787,em_espera,,,0,
002788,em_espera,,,0,
002789,em_espera,,,0,
002790,em_espera,,,0,
002791,em_espera,,,0,
002792,em_espera,,,0,
002793,em_espera,,,0,
002794,em_espera,,,0,
002795,em_espera,,,0,
002796,em_espera,,,0,
002797,em_espera,,,0,
002798,em_espera,,,0,
002799,em_espera,,,0,
002800,em_espera,,,0,
002801,em_espera,,,0,
002802,em_espera,,,0,
002803,em_espera,,,0,
002804,em_espera,,,0,
002805,em_espera,,,0,
002806,em_espera,,,0,
002807,em_espera,,,0,
002808,em_espera,,,0,
002809,em_espera,,,0,
002810,em_espera,,,0,
002811,em_espera,,,0,
002812,em_espera,,,0,
002813,em_espera,,,0,
002814,em_espera,,,0,
002815,em_espera,,,0,
002816,em_espera,,,0,
002817,em_espera,,,0,
002818,em_espera,,,0,
002819,em_espera,,,0,
002820,em_espera,,,0,
002821,em_espera,,,0,
002822,em_espera,,,0,
002823,em_espera,,,0,
002824,em_espera,,,0,
002825,em_espera,,,0,
002826,em_espera,,,0,
002827,em_espera,,,0,
002828,em_espera,,,0,
002829,em_espera,,,0,
002830,em_espera,,,0,
002831,em_espera,,,0,
002832,em_espera,,,0,
002833,em_espera,,,0,
002834,em_espera,,,0,
002835,em_espera,,,0,
002836,em_espera,,,0,
002837,em_espera,,,0,
002838,em_espera,,,0,
002839,em_espera,,,0,
002840,em_espera,,,0,
002841,em_espera,,,0,
002842,em_espera,,,0,
002843,em_espera,,,0,
002844,em_espera,,,0,
002845,em_espera,,,0,
002846,em_espera,,,0,
002847,em_espera,,,0,
002848,em_espera,,,0,
002849,em_espera,,,0,
002850,em_espera,,,0,
002851,em_espera,,,0,
002852,em_espera,,,0,
002853,em_espera,,,0,
002854,em_espera,,,0,
002855,em_espera,,,0,
002856,em_espera,,,0,
002857,em_espera,,,0,
002858,em_espera,,,0,
002859,em_espera,,,0,
002860,em_espera,,,0,
002861,em_espera,,,0,
002862,em_espera,,,0,
002863,em_espera,,,0,
002864,em_espera,,,0,
002865,em_espera,,,0,
002866,em_espera,,,0,
002867,em_espera,,,0,
002868,em_espera,,,0,
002869,em_espera,,,0,
002870,em_espera,,,0,
002871,em_espera,,,0,
002872,em_espera,,,0,
002873,em_espera,,,0,
002874,em_espera,,,0,
002875,em_espera,,,0,
002876,em_espera,,,0,
002877,em_espera,,,0,
002878,em_espera,,,0,
002879,em_espera,,,0,
002880,em_espera,,,0,
002881,em_espera,,,0,
002882,em_espera,,,0,
002883,em_espera,,,0,
002884,em_espera,,,0,
002885,em_espera,,,0,
002886,em_espera,,,0,
002887,em_espera,,,0,
002888,em_espera,,,0,
002889,em_espera,,,0,
002890,em_espera,,,0,
002891,em_espera,,,0,
002892,em_espera,,,0,
002893,em_espera,,,0,
002894,em_espera,,,0,
002895,em_espera,,,0,
002896,em_espera,,,0,
002897,em_espera,,,0,
002898,em_espera,,,0,
002899,em_espera,,,0,
002900,em_espera,,,0,
002901,em_espera,,,0,
002902,em_espera,,,0,
002903,em_espera,,,0,
002904,em_espera,,,0,
002905,em_espera,,,0,
002906,em_espera,,,0,
002907,em_espera,,,0,
002908,em_espera,,,0,
002909,em_espera,,,0,
002910,em_espera,,,0,
002911,em_espera,,,0,
002912,em_espera,,,0,
002913,em_espera,,,0,
002914,em_espera,,,0,
002915,em_espera,,,0,
002916,em_espera,,,0,
002917,em_espera,,,0,
002918,em_espera,,,0,
002919,em_espera,,,0,
002920,em_espera,,,0,
002921,em_espera,,,0,
002922,em_espera,,,0,
002923,em_espera,,,0,
002924,em_espera,,,0,
002925,em_espera,,,0,
002926,em_espera,,,0,
002927,em_espera,,,0,
002928,em_espera,,,0,
002929,em_espera,,,0,
002930,em_espera,,,0,
002931,em_espera,,,0,
002932,em_espera,,,0,
002933,em_espera,,,0,
002934,em_espera,,,0,
002935,em_espera,,,0,
002936,em_espera,,,0,
002937,em_espera,,,0,
002938,em_espera,,,0,
002939,em_espera,,,0,
002940,em_espera,,,0,
002941,em_espera,,,0,
002942,em_espera,,,0,
002943,em_espera,,,0,
002944,em_espera,,,0,
002945,em_espera,,,0,
002946,em_espera,,,0,
002947,em_espera,,,0,
002948,em_espera,,,0,
002949,em_espera,,,0,
002950,em_espera,,,0,
002951,em_espera,,,0,
002952,em_espera,,,0,
002953,em_espera,,,0,
002954,em_espera,,,0,
002955,em_espera,,,0,
002956,em_espera,,,0,
002957,em_espera,,,0,
002958,em_espera,,,0,
002959,em_espera,,,0,
002960,em_espera,,,0,
002961,em_espera,,,0,
002962,em_espera,,,0,
002963,em_espera,,,0,
002964,em_espera,,,0,
002965,em_espera,,,0,
002966,em_espera,,,0,
002967,em_espera,,,0,
002968,em_espera,,,0,
002969,em_espera,,,0,
002970,em_espera,,,0,
002971,em_espera,,,0,
002972,em_espera,,,0,
002973,em_espera,,,0,
002974,em_espera,,,0,
002975,em_espera,,,0,
002976,em_espera,,,0,
002977,em_espera,,,0,
002978,em_espera,,,0,
002979,em_espera,,,0,
002980,em_espera,,,0,
002981,em_espera,,,0,
002982,em_espera,,,0,
002983,em_espera,,,0,
002984,em_espera,,,0,
002985,em_espera,,,0,
002986,em_espera,,,0,
002987,em_espera,,,0,
002988,em_espera,,,0,
002989,em_espera,,,0,
002990,em_espera,,,0,
002991,em_espera,,,0,
002992,em_espera,,,0,
002993,em_espera,,,0,
002994,em_espera,,,0,
002995,em_espera,,,0,
002996,em_espera,,,0,
002997,em_espera,,,0,
002998,em_espera,,,0,
002999,em_espera,,,0,
003000,em_espera,,,0,
003001,em_espera,,,0,
003002,em_espera,,,0,
003003,em_espera,,,0,
003004,em_espera,,,0,
003005,em_espera,,,0,
003006,em_espera,,,0,
003007,em_espera,,,0,
003008,em_espera,,,0,
003009,em_espera,,,0,
003010,em_espera,,,0,
003011,em_espera,,,0,
003012,em_espera,,,0,
003013,em_espera,,,0,
003014,em_espera,,,0,
003015,em_espera,,,0,
003016,em_espera,,,0,
003017,em_espera,,,0,
003018,em_espera,,,0,
003019,em_espera,,,0,
003020,em_espera,,,0,
003021,em_espera,,,0,
003022,em_espera,,,0,
003023,em_espera,,,0,
003024,em_espera,,,0,
003025,em_espera,,,0,
003026,em_espera,,,0,
003027,em_espera,,,0,
003028,em_espera,,,0,
003029,em_espera,,,0,
003030,em_espera,,,0,
003031,em_espera,,,0,
003032,em_espera,,,0,
003033,em_espera,,,0,
003034,em_espera,,,0,
003035,em_espera,,,0,
003036,em_espera,,,0,
003037,em_espera,,,0,
003038,em_espera,,,0,
003039,em_espera,,,0,
003040,em_espera,,,0,
003041,em_espera,,,0,
003042,em_espera,,,0,
003043,em_espera,,,0,
003044,em_espera,,,0,
003045,em_espera,,,0,
003046,em_espera,,,0,
003047,em_espera,,,0,
003048,em_espera,,,0,
003049,em_espera,,,0,
003050,em_espera,,,0,
003051,em_espera,,,0,
003052,em_espera,,,0,
003053,em_espera,,,0,
003054,em_espera,,,0,
003055,em_espera,,,0,
003056,em_espera,,,0,
003057,em_espera,,,0,
003058,em_espera,,,0,
003059,em_espera,,,0,
003060,em_espera,,,0,
003061,em_espera,,,0,
003062,em_espera,,,0,
003063,em_espera,,,0,
003064,em_espera,,,0,
003065,em_espera,,,0,
003066,em_espera,,,0,
003067,em_espera,,,0,
003068,em_espera,,,0,
003069,em_espera,,,0,
003070,em_espera,,,0,
003071,em_espera,,,0,
003072,em_espera,,,0,
003073,em_espera,,,0,
003074,em_espera,,,0,
003075,em_espera,,,0,
003076,em_espera,,,0,
003077,em_espera,,,0,
003078,em_espera,,,0,
003079,em_espera,,,0,
003080,em_espera,,,0,
003081,em_espera,,,0,
003082,em_espera,,,0,
003083,em_espera,,,0,
003084,em_espera,,,0,
003085,em_espera,,,0,
003086,em_espera,,,0,
003087,em_espera,,,0,
003088,em_espera,,,0,
003089,em_espera,,,0,
003090,em_espera,,,0,
003091,em_espera,,,0,
003092,em_espera,,,0,
003093,em_espera,,,0,
003094,em_espera,,,0,
003095,em_espera,,,0,
003096,em_espera,,,0,
003097,em_espera,,,0,
003098,em_espera,,,0,
003099,em_espera,,,0,
003100,em_espera,,,0,
003101,em_espera,,,0,
003102,em_espera,,,0,
003103,em_espera,,,0,
003104,em_espera,,,0,
003105,em_espera,,,0,
003106,em_espera,,,0,
003107,em_espera,,,0,
003108,em_espera,,,0,
003109,em_espera,,,0,
003110,em_espera,,,0,
003111,em_espera,,,0,
003112,em_espera,,,0,
003113,em_espera,,,0,
003114,em_espera,,,0,
003115,em_espera,,,0,
003116,em_espera,,,0,
003117,em_espera,,,0,
003118,em_espera,,,0,
003119,em_espera,,,0,
003120,em_espera,,,0,
003121,em_espera,,,0,
003122,em_espera,,,0,
003123,em_espera,,,0,
003124,em_espera,,,0,
003125,em_espera,,,0,
003126,em_espera,,,0,
003127,em_espera,,,0,
003128,em_espera,,,0,
003129,em_espera,,,0,
003130,em_espera,,,0,
003131,em_espera,,,0,
003132,em_espera,,,0,
003133,em_espera,,,0,
003134,em_espera,,,0,
003135,em_espera,,,0,
003136,em_espera,,,0,
003137,em_espera,,,0,
003138,em_espera,,,0,
003139,em_espera,,,0,
003140,em_espera,,,0,
003141,em_espera,,,0,
003142,em_espera,,,0,
003143,em_espera,,,0,
003144,em_espera,,,0,
003145,em_espera,,,0,
003146,em_espera,,,0,
003147,em_espera,,,0,
003148,em_espera,,,0,
003149,em_espera,,,0,
003150,em_espera,,,0,
003151,em_espera,,,0,
003152,em_espera,,,0,
003153,em_espera,,,0,
003154,em_espera,,,0,
003155,em_espera,,,0,
003156,em_espera,,,0,
003157,em_espera,,,0,
003158,em_espera,,,0,
003159,em_espera,,,0,
003160,em_espera,,,0,
003161,em_espera,,,0,
003162,em_espera,,,0,
003163,em_espera,,,0,
003164,em_espera,,,0,
003165,em_espera,,,0,
003166,em_espera,,,0,
003167,em_espera,,,0,
003168,em_espera,,,0,
003169,em_espera,,,0,
003170,em_espera,,,0,
003171,em_espera,,,0,
003172,em_espera,,,0,
003173,em_espera,,,0,
003174,em_espera,,,0,
003175,em_espera,,,0,
003176,em_espera,,,0,
003177,em_espera,,,0,
003178,em_espera,,,0,
003179,em_espera,,,0,
003180,em_espera,,,0,
003181,em_espera,,,0,
003182,em_espera,,,0,
003183,em_espera,,,0,
003184,em_espera,,,0,
003185,em_espera,,,0,
003186,em_espera,,,0,
003187,em_espera,,,0,
003188,em_espera,,,0,
003189,em_espera,,,0,
003190,em_espera,,,0,
003191,em_espera,,,0,
003192,em_espera,,,0,
003193,em_espera,,,0,
003194,em_espera,,,0,
003195,em_espera,,,0,
003196,em_espera,,,0,
003197,em_espera,,,0,
003198,em_espera,,,0,
003199,em_espera,,,0,
003200,em_espera,,,0,
003201,em_espera,,,0,
003202,em_espera,,,0,
003203,em_espera,,,0,
003204,em_espera,,,0,
003205,em_espera,,,0,
003206,em_espera,,,0,
003207,em_espera,,,0,
003208,em_espera,,,0,
003209,em_espera,,,0,
003210,em_espera,,,0,
003211,em_espera,,,0,
003212,em_espera,,,0,
003213,em_espera,,,0,
003214,em_espera,,,0,
003215,em_espera,,,0,
003216,em_espera,,,0,
003217,em_espera,,,0,
003218,em_espera,,,0,
003219,em_espera,,,0,
003220,em_espera,,,0,
003221,em_espera,,,0,
003222,em_espera,,,0,
003223,em_espera,,,0,
003224,em_espera,,,0,
003225,em_espera,,,0,
003226,em_espera,,,0,
003227,em_espera,,,0,
003228,em_espera,,,0,
003229,em_espera,,,0,
003230,em_espera,,,0,
003231,em_espera,,,0,
003232,em_espera,,,0,
003233,em_espera,,,0,
003234,em_espera,,,0,
003235,em_espera,,,0,
003236,em_espera,,,0,
003237,em_espera,,,0,
003238,em_espera,,,0,
003239,em_espera,,,0,
003240,em_espera,,,0,
003241,em_espera,,,0,
003242,em_espera,,,0,
003243,em_espera,,,0,
003244,em_espera,,,0,
003245,em_espera,,,0,
003246,em_espera,,,0,
003247,em_espera,,,0,
003248,em_espera,,,0,
003249,em_espera,,,0,
003250,em_espera,,,0,
003251,em_espera,,,0,
003252,em_espera,,,0,
003253,em_espera,,,0,
003254,em_espera,,,0,
003255,em_espera,,,0,
003256,em_espera,,,0,
003257,em_espera,,,0,
003258,em_espera,,,0,
003259,em_espera,,,0,
003260,em_espera,,,0,
003261,em_espera,,,0,
003262,em_espera,,,0,
003263,em_espera,,,0,
003264,em_espera,,,0,
003265,em_espera,,,0,
003266,em_espera,,,0,
003267,em_espera,,,0,
003268,em_espera,,,0,
003269,em_espera,,,0,
003270,em_espera,,,0,
003271,em_espera,,,0,
003272,em_espera,,,0,
003273,em_espera,,,0,
003274,em_espera,,,0,
003275,em_espera,,,0,
003276,em_espera,,,0,
003277,em_espera,,,0,
003278,em_espera,,,0,
003279,em_espera,,,0,
003280,em_espera,,,0,
003281,em_espera,,,0,
003282,em_espera,,,0,
003283,em_espera,,,0,
003284,em_espera,,,0,
003285,em_espera,,,0,
003286,em_espera,,,0,
003287,em_espera,,,0,
003288,em_espera,,,0,
003289,em_espera,,,0,
003290,em_espera,,,0,
003291,em_espera,,,0,
003292,em_espera,,,0,
003293,em_espera,,,0,
003294,em_espera,,,0,
003295,em_espera,,,0,
003296,em_espera,,,0,
003297,em_espera,,,0,
003298,em_espera,,,0,
003299,em_espera,,,0,
003300,em_espera,,,0,
003301,em_espera,,,0,
003302,em_espera,,,0,
003303,em_espera,,,0,
003304,em_espera,,,0,
003305,em_espera,,,0,
003306,em_espera,,,0,
003307,em_espera,,,0,
003308,em_espera,,,0,
003309,em_espera,,,0,
003310,em_espera,,,0,
003311,em_espera,,,0,
003312,em_espera,,,0,
003313,em_espera,,,0,
003314,em_espera,,,0,
003315,em_espera,,,0,
003316,em_espera,,,0,
003317,em_espera,,,0,
003318,em_espera,,,0,
003319,em_espera,,,0,
003320,em_espera,,,0,
003321,em_espera,,,0,
003322,em_espera,,,0,
003323,em_espera,,,0,
003324,em_espera,,,0,
003325,em_espera,,,0,
003326,em_espera,,,0,
003327,em_espera,,,0,
003328,em_espera,,,0,
003329,em_espera,,,0,
003330,em_espera,,,0,
003331,em_espera,,,0,
003332,em_espera,,,0,
003333,em_espera,,,0,
003334,em_espera,,,0,
003335,em_espera,,,0,
003336,em_espera,,,0,
003337,em_espera,,,0,
003338,em_espera,,,0,
003339,em_espera,,,0,
003340,em_espera,,,0,
003341,em_espera,,,0,
003342,em_espera,,,0,
003343,em_espera,,,0,
003344,em_espera,,,0,
003345,em_espera,,,0,
003346,em_espera,,,0,
003347,em_espera,,,0,
003348,em_espera,,,0,
003349,em_espera,,,0,
003350,em_espera,,,0,
003351,em_espera,,,0,
003352,em_espera,,,0,
003353,em_espera,,,0,
003354,em_espera,,,0,
003355,em_espera,,,0,
003356,em_espera,,,0,
003357,em_espera,,,0,
003358,em_espera,,,0,
003359,em_espera,,,0,
003360,em_espera,,,0,
003361,em_espera,,,0,
003362,em_espera,,,0,
003363,em_espera,,,0,
003364,em_espera,,,0,
003365,em_espera,,,0,
003366,em_espera,,,0,
003367,em_espera,,,0,
003368,em_espera,,,0,
003369,em_espera,,,0,
003370,em_espera,,,0,
003371,em_espera,,,0,
003372,em_espera,,,0,
003373,em_espera,,,0,
003374,em_espera,,,0,
003375,em_espera,,,0,
003376,em_espera,,,0,
003377,em_espera,,,0,
003378,em_espera,,,0,
003379,em_espera,,,0,
003380,em_espera,,,0,
003381,em_espera,,,0,
003382,em_espera,,,0,
003383,em_espera,,,0,
003384,em_espera,,,0,
003385,em_espera,,,0,
003386,em_espera,,,0,
003387,em_espera,,,0,
003388,em_espera,,,0,
003389,em_espera,,,0,
003390,em_espera,,,0,
003391,em_espera,,,0,
003392,em_espera,,,0,
003393,em_espera,,,0,
003394,em_espera,,,0,
003395,em_espera,,,0,
003396,em_espera,,,0,
003397,em_espera,,,0,
003398,em_espera,,,0,
003399,em_espera,,,0,
003400,em_espera,,,0,
003401,em_espera,,,0,
003402,em_espera,,,0,
003403,em_espera,,,0,
003404,em_espera,,,0,
003405,em_espera,,,0,
003406,em_espera,,,0,
003407,em_espera,,,0,
003408,em_espera,,,0,
003409,em_espera,,,0,
003410,em_espera,,,0,
003411,em_espera,,,0,
003412,em_espera,,,0,
003413,em_espera,,,0,
003414,em_espera,,,0,
003415,em_espera,,,0,
003416,em_espera,,,0,
003417,em_espera,,,0,
003418,em_espera,,,0,
003419,em_espera,,,0,
003420,em_espera,,,0,
003421,em_espera,,,0,
003422,em_espera,,,0,
003423,em_espera,,,0,
003424,em_espera,,,0,
003425,em_espera,,,0,
003426,em_espera,,,0,
003427,em_espera,,,0,
003428,em_espera,,,0,
003429,em_espera,,,0,
003430,em_espera,,,0,
003431,em_espera,,,0,
003432,em_espera,,,0,
003433,em_espera,,,0,
003434,em_espera,,,0,
003435,em_espera,,,0,
003436,em_espera,,,0,
003437,em_espera,,,0,
003438,em_espera,,,0,
003439,em_espera,,,0,
003440,em_espera,,,0,
003441,em_espera,,,0,
003442,em_espera,,,0,
003443,em_espera,,,0,
003444,em_espera,,,0,
003445,em_espera,,,0,
003446,em_espera,,,0,
003447,em_espera,,,0,
003448,em_espera,,,0,
003449,em_espera,,,0,
003450,em_espera,,,0,
003451,em_espera,,,0,
003452,em_espera,,,0,
003453,em_espera,,,0,
003454,em_espera,,,0,
003455,em_espera,,,0,
003456,em_espera,,,0,
003457,em_espera,,,0,
003458,em_espera,,,0,
003459,em_espera,,,0,
003460,em_espera,,,0,
003461,em_espera,,,0,
003462,em_espera,,,0,
003463,em_espera,,,0,
003464,em_espera,,,0,
003465,em_espera,,,0,
003466,em_espera,,,0,
003467,em_espera,,,0,
003468,em_espera,,,0,
003469,em_espera,,,0,
003470,em_espera,,,0,
003471,em_espera,,,0,
003472,em_espera,,,0,
003473,em_espera,,,0,
003474,em_espera,,,0,
003475,em_espera,,,0,
003476,em_espera,,,0,
003477,em_espera,,,0,
003478,em_espera,,,0,
003479,em_espera,,,0,
003480,em_espera,,,0,
003481,em_espera,,,0,
003482,em_espera,,,0,
003483,em_espera,,,0,
003484,em_espera,,,0,
003485,em_espera,,,0,
003486,em_espera,,,0,
003487,em_espera,,,0,
003488,em_espera,,,0,
003489,em_espera,,,0,
003490,em_espera,,,0,
003491,em_espera,,,0,
003492,em_espera,,,0,
003493,em_espera,,,0,
003494,em_espera,,,0,
003495,em_espera,,,0,
003496,em_espera,,,0,
003497,em_espera,,,0,
003498,em_espera,,,0,
003499,em_espera,,,0,
003500,em_espera,,,0,
003501,em_espera,,,0,
003502,em_espera,,,0,
003503,em_espera,,,0,
003504,em_espera,,,0,
003505,em_espera,,,0,
003506,em_espera,,,0,
003507,em_espera,,,0,
003508,em_espera,,,0,
003509,em_espera,,,0,
003510,em_espera,,,0,
003511,em_espera,,,0,
003512,em_espera,,,0,
003513,em_espera,,,0,
003514,em_espera,,,0,
003515,em_espera,,,0,
003516,em_espera,,,0,
003517,em_espera,,,0,
003518,em_espera,,,0,
003519,em_espera,,,0,
003520,em_espera,,,0,
003521,em_espera,,,0,
003522,em_espera,,,0,
003523,em_espera,,,0,
003524,em_espera,,,0,
003525,em_espera,,,0,
003526,em_espera,,,0,
003527,em_espera,,,0,
003528,em_espera,,,0,
003529,em_espera,,,0,
003530,em_espera,,,0,
003531,em_espera,,,0,
003532,em_espera,,,0,
003533,em_espera,,,0,
003534,em_espera,,,0,
003535,em_espera,,,0,
003536,em_espera,,,0,
003537,em_espera,,,0,
003538,em_espera,,,0,
003539,em_espera,,,0,
003540,em_espera,,,0,
003541,em_espera,,,0,
003542,em_espera,,,0,
003543,em_espera,,,0,
003544,em_espera,,,0,
003545,em_espera,,,0,
003546,em_espera,,,0,
003547,em_espera,,,0,
003548,em_espera,,,0,
003549,em_espera,,,0,
003550,em_espera,,,0,
003551,em_espera,,,0,
003552,em_espera,,,0,
003553,em_espera,,,0,
003554,em_espera,,,0,
003555,em_espera,,,0,
003556,em_espera,,,0,
003557,em_espera,,,0,
003558,em_espera,,,0,
003559,em_espera,,,0,
003560,em_espera,,,0,
003561,em_espera,,,0,
003562,em_espera,,,0,
003563,em_espera,,,0,
003564,em_espera,,,0,
003565,em_espera,,,0,
003566,em_espera,,,0,
003567,em_espera,,,0,
003568,em_espera,,,0,
003569,em_espera,,,0,
003570,em_espera,,,0,
003571,em_espera,,,0,
003572,em_espera,,,0,
003573,em_espera,,,0,
003574,em_espera,,,0,
003575,em_espera,,,0,
003576,em_espera,,,0,
003577,em_espera,,,0,
003578,em_espera,,,0,
003579,em_espera,,,0,
003580,em_espera,,,0,
003581,em_espera,,,0,
003582,em_espera,,,0,
003583,em_espera,,,0,
003584,em_espera,,,0,
003585,em_espera,,,0,
003586,em_espera,,,0,
003587,em_espera,,,0,
003588,em_espera,,,0,
003589,em_espera,,,0,
003590,em_espera,,,0,
003591,em_espera,,,0,
003592,em_espera,,,0,
003593,em_espera,,,0,
003594,em_espera,,,0,
003595,em_espera,,,0,
003596,em_espera,,,0,
003597,em_espera,,,0,
003598,em_espera,,,0,
003599,em_espera,,,0,
003600,em_espera,,,0,
003601,em_espera,,,0,
003602,em_espera,,,0,
003603,em_espera,,,0,
003604,em_espera,,,0,
003605,em_espera,,,0,
003606,em_espera,,,0,
003607,em_espera,,,0,
003608,em_espera,,,0,
003609,em_espera,,,0,
003610,em_espera,,,0,
003611,em_espera,,,0,
003612,em_espera,,,0,
003613,em_espera,,,0,
003614,em_espera,,,0,
003615,em_espera,,,0,
003616,em_espera,,,0,
003617,em_espera,,,0,
003618,em_espera,,,0,
003619,em_espera,,,0,
003620,em_espera,,,0,
003621,em_espera,,,0,
003622,em_espera,,,0,
003623,em_espera,,,0,
003624,em_espera,,,0,
003625,em_espera,,,0,
003626,em_espera,,,0,
003627,em_espera,,,0,
003628,em_espera,,,0,
003629,em_espera,,,0,
003630,em_espera,,,0,
003631,em_espera,,,0,
003632,em_espera,,,0,
003633,em_espera,,,0,
003634,em_espera,,,0,
003635,em_espera,,,0,
003636,em_espera,,,0,
003637,em_espera,,,0,
003638,em_espera,,,0,
003639,em_espera,,,0,
003640,em_espera,,,0,
003641,em_espera,,,0,
003642,em_espera,,,0,
003643,em_espera,,,0,
003644,em_espera,,,0,
003645,em_espera,,,0,
003646,em_espera,,,0,
003647,em_espera,,,0,
003648,em_espera,,,0,
003649,em_espera,,,0,
003650,em_espera,,,0,
003651,em_espera,,,0,
003652,em_espera,,,0,
003653,em_espera,,,0,
003654,em_espera,,,0,
003655,em_espera,,,0,
003656,em_espera,,,0,
003657,em_espera,,,0,
003658,em_espera,,,0,
003659,em_espera,,,0,
003660,em_espera,,,0,
003661,em_espera,,,0,
003662,em_espera,,,0,
003663,em_espera,,,0,
003664,em_espera,,,0,
003665,em_espera,,,0,
003666,em_espera,,,0,
003667,em_espera,,,0,
003668,em_espera,,,0,
003669,em_espera,,,0,
003670,em_espera,,,0,
003671,em_espera,,,0,
003672,em_espera,,,0,
003673,em_espera,,,0,
003674,em_espera,,,0,
003675,em_espera,,,0,
003676,em_espera,,,0,
003677,em_espera,,,0,
003678,em_espera,,,0,
003679,em_espera,,,0,
003680,em_espera,,,0,
003681,em_espera,,,0,
003682,em_espera,,,0,
003683,em_espera,,,0,
003684,em_espera,,,0,
003685,em_espera,,,0,
003686,em_espera,,,0,
003687,em_espera,,,0,
003688,em_espera,,,0,
003689,em_espera,,,0,
003690,em_espera,,,0,
003691,em_espera,,,0,
003692,em_espera,,,0,
003693,em_espera,,,0,
003694,em_espera,,,0,
003695,em_espera,,,0,
003696,em_espera,,,0,
003697,em_espera,,,0,
003698,em_espera,,,0,
003699,em_espera,,,0,
003700,em_espera,,,0,
003701,em_espera,,,0,
003702,em_espera,,,0,
003703,em_espera,,,0,
003704,em_espera,,,0,
003705,em_espera,,,0,
003706,em_espera,,,0,
003707,em_espera,,,0,
003708,em_espera,,,0,
003709,em_espera,,,0,
003710,em_espera,,,0,
003711,em_espera,,,0,
003712,em_espera,,,0,
003713,em_espera,,,0,
003714,em_espera,,,0,
003715,em_espera,,,0,
003716,em_espera,,,0,
003717,em_espera,,,0,
003718,em_espera,,,0,
003719,em_espera,,,0,
003720,em_espera,,,0,
003721,em_espera,,,0,
003722,em_espera,,,0,
003723,em_espera,,,0,
003724,em_espera,,,0,
003725,em_espera,,,0,
003726,em_espera,,,0,
003727,em_espera,,,0,
003728,em_espera,,,0,
003729,em_espera,,,0,
003730,em_espera,,,0,
003731,em_espera,,,0,
003732,em_espera,,,0,
003733,em_espera,,,0,
003734,em_espera,,,0,
003735,em_espera,,,0,
003736,em_espera,,,0,
003737,em_espera,,,0,
003738,em_espera,,,0,
003739,em_espera,,,0,
003740,em_espera,,,0,
003741,em_espera,,,0,
003742,em_espera,,,0,
003743,em_espera,,,0,
003744,em_espera,,,0,
003745,em_espera,,,0,
003746,em_espera,,,0,
003747,em_espera,,,0,
003748,em_espera,,,0,
003749,em_espera,,,0,
003750,em_espera,,,0,
003751,em_espera,,,0,
003752,em_espera,,,0,
003753,em_espera,,,0,
003754,em_espera,,,0,
003755,em_espera,,,0,
003756,em_espera,,,0,
003757,em_espera,,,0,
003758,em_espera,,,0,
003759,em_espera,,,0,
003760,em_espera,,,0,
003761,em_espera,,,0,
003762,em_espera,,,0,
003763,em_espera,,,0,
003764,em_espera,,,0,
003765,em_espera,,,0,
003766,em_espera,,,0,
003767,em_espera,,,0,
003768,em_espera,,,0,
003769,em_espera,,,0,
003770,em_espera,,,0,
003771,em_espera,,,0,
003772,em_espera,,,0,
003773,em_espera,,,0,
003774,em_espera,,,0,
003775,em_espera,,,0,
003776,em_espera,,,0,
003777,em_espera,,,0,
003778,em_espera,,,0,
003779,em_espera,,,0,
003780,em_espera,,,0,
003781,em_espera,,,0,
003782,em_espera,,,0,
003783,em_espera,,,0,
003784,em_espera,,,0,
003785,em_espera,,,0,
003786,em_espera,,,0,
003787,em_espera,,,0,
003788,em_espera,,,0,
003789,em_espera,,,0,
003790,em_espera,,,0,
003791,em_espera,,,0,
003792,em_espera,,,0,
003793,em_espera,,,0,
003794,em_espera,,,0,
003795,em_espera,,,0,
003796,em_espera,,,0,
003797,em_espera,,,0,
003798,em_espera,,,0,
003799,em_espera,,,0,
003800,em_espera,,,0,
003801,em_espera,,,0,
003802,em_espera,,,0,
003803,em_espera,,,0,
003804,em_espera,,,0,
003805,em_espera,,,0,
003806,em_espera,,,0,
003807,em_espera,,,0,
003808,em_espera,,,0,
003809,em_espera,,,0,
003810,em_espera,,,0,
003811,em_espera,,,0,
003812,em_espera,,,0,
003813,em_espera,,,0,
003814,em_espera,,,0,
003815,em_espera,,,0,
003816,em_espera,,,0,
003817,em_espera,,,0,
003818,em_espera,,,0,
003819,em_espera,,,0,
003820,em_espera,,,0,
003821,em_espera,,,0,
003822,em_espera,,,0,
003823,em_espera,,,0,
003824,em_espera,,,0,
003825,em_espera,,,0,
003826,em_espera,,,0,
003827,em_espera,,,0,
003828,em_espera,,,0,
003829,em_espera,,,0,
003830,em_espera,,,0,
003831,em_espera,,,0,
003832,em_espera,,,0,
003833,em_espera,,,0,
003834,em_espera,,,0,
003835,em_espera,,,0,
003836,em_espera,,,0,
003837,em_espera,,,0,
003838,em_espera,,,0,
003839,em_espera,,,0,
003840,em_espera,,,0,
003841,em_espera,,,0,
003842,em_espera,,,0,
003843,em_espera,,,0,
003844,em_espera,,,0,
003845,em_espera,,,0,
003846,em_espera,,,0,
003847,em_espera,,,0,
003848,em_espera,,,0,
003849,em_espera,,,0,
003850,em_espera,,,0,
003851,em_espera,,,0,
003852,em_espera,,,0,
003853,em_espera,,,0,
003854,em_espera,,,0,
003855,em_espera,,,0,
003856,em_espera,,,0,
003857,em_espera,,,0,
003858,em_espera,,,0,
003859,em_espera,,,0,
003860,em_espera,,,0,
003861,em_espera,,,0,
003862,em_espera,,,0,
003863,em_espera,,,0,
003864,em_espera,,,0,
003865,em_espera,,,0,
003866,em_espera,,,0,
003867,em_espera,,,0,
003868,em_espera,,,0,
003869,em_espera,,,0,
003870,em_espera,,,0,
003871,em_espera,,,0,
003872,em_espera,,,0,
003873,em_espera,,,0,
003874,em_espera,,,0,
003875,em_espera,,,0,
003876,em_espera,,,0,
003877,em_espera,,,0,
003878,em_espera,,,0,
003879,em_espera,,,0,
003880,em_espera,,,0,
003881,em_espera,,,0,
003882,em_espera,,,0,
003883,em_espera,,,0,
003884,em_espera,,,0,
003885,em_espera,,,0,
003886,em_espera,,,0,
003887,em_espera,,,0,
003888,em_espera,,,0,
003889,em_espera,,,0,
003890,em_espera,,,0,
003891,em_espera,,,0,
003892,em_espera,,,0,
003893,em_espera,,,0,
003894,em_espera,,,0,
003895,em_espera,,,0,
003896,em_espera,,,0,
003897,em_espera,,,0,
003898,em_espera,,,0,
003899,em_espera,,,0,
003900,em_espera,,,0,
003901,em_espera,,,0,
003902,em_espera,,,0,
003903,em_espera,,,0,
003904,em_espera,,,0,
003905,em_espera,,,0,
003906,em_espera,,,0,
003907,em_espera,,,0,
003908,em_espera,,,0,
003909,em_espera,,,0,
003910,em_espera,,,0,
003911,em_espera,,,0,
003912,em_espera,,,0,
003913,em_espera,,,0,
003914,em_espera,,,0,
003915,em_espera,,,0,
003916,em_espera,,,0,
003917,em_espera,,,0,
003918,em_espera,,,0,
003919,em_espera,,,0,
003920,em_espera,,,0,
003921,em_espera,,,0,
003922,em_espera,,,0,
003923,em_espera,,,0,
003924,em_espera,,,0,
003925,em_espera,,,0,
003926,em_espera,,,0,
003927,em_espera,,,0,
003928,em_espera,,,0,
003929,em_espera,,,0,
003930,em_espera,,,0,
003931,em_espera,,,0,
003932,em_espera,,,0,
003933,em_espera,,,0,
003934,em_espera,,,0,
003935,em_espera,,,0,
003936,em_espera,,,0,
003937,em_espera,,,0,
003938,em_espera,,,0,
003939,em_espera,,,0,
003940,em_espera,,,0,
003941,em_espera,,,0,
003942,em_espera,,,0,
003943,em_espera,,,0,
003944,em_espera,,,0,
003945,em_espera,,,0,
003946,em_espera,,,0,
003947,em_espera,,,0,
003948,em_espera,,,0,
003949,em_espera,,,0,
003950,em_espera,,,0,
003951,em_espera,,,0,
003952,em_espera,,,0,
003953,em_espera,,,0,
003954,em_espera,,,0,
003955,em_espera,,,0,
003956,em_espera,,,0,
003957,em_espera,,,0,
003958,em_espera,,,0,
003959,em_espera,,,0,
003960,em_espera,,,0,
003961,em_espera,,,0,
003962,em_espera,,,0,
003963,em_espera,,,0,
003964,em_espera,,,0,
003965,em_espera,,,0,
003966,em_espera,,,0,
003967,em_espera,,,0,
003968,em_espera,,,0,
003969,em_espera,,,0,
003970,em_espera,,,0,
003971,em_espera,,,0,
003972,em_espera,,,0,
003973,em_espera,,,0,
003974,em_espera,,,0,
003975,em_espera,,,0,
003976,em_espera,,,0,
003977,em_espera,,,0,
003978,em_espera,,,0,
003979,em_espera,,,0,
003980,em_espera,,,0,
003981,em_espera,,,0,
003982,em_espera,,,0,
003983,em_espera,,,0,
003984,em_espera,,,0,
003985,em_espera,,,0,
003986,em_espera,,,0,
003987,em_espera,,,0,
003988,em_espera,,,0,
003989,em_espera,,,0,
003990,em_espera,,,0,
003991,em_espera,,,0,
003992,em_espera,,,0,
003993,em_espera,,,0,
003994,em_espera,,,0,
003995,em_espera,,,0,
003996,em_espera,,,0,
003997,em_espera,,,0,
003998,em_espera,,,0,
003999,em_espera,,,0,
004000,em_espera,,,0,
004001,em_espera,,,0,
004002,em_espera,,,0,
004003,em_espera,,,0,
004004,em_espera,,,0,
004005,em_espera,,,0,
004006,em_espera,,,0,
004007,em_espera,,,0,
004008,em_espera,,,0,
004009,em_espera,,,0,
004010,em_espera,,,0,
004011,em_espera,,,0,
004012,em_espera,,,0,
004013,em_espera,,,0,
004014,em_espera,,,0,
004015,em_espera,,,0,
004016,em_espera,,,0,
004017,em_espera,,,0,
004018,em_espera,,,0,
004019,em_espera,,,0,
004020,em_espera,,,0,
004021,em_espera,,,0,
004022,em_espera,,,0,
004023,em_espera,,,0,
004024,em_espera,,,0,
004025,em_espera,,,0,
004026,em_espera,,,0,
004027,em_espera,,,0,
004028,em_espera,,,0,
004029,em_espera,,,0,
004030,em_espera,,,0,
004031,em_espera,,,0,
004032,em_espera,,,0,
004033,em_espera,,,0,
004034,em_espera,,,0,
004035,em_espera,,,0,
004036,em_espera,,,0,
004037,em_espera,,,0,
004038,em_espera,,,0,
004039,em_espera,,,0,
004040,em_espera,,,0,
004041,em_espera,,,0,
004042,em_espera,,,0,
004043,em_espera,,,0,
004044,em_espera,,,0,
004045,em_espera,,,0,
004046,em_espera,,,0,
004047,em_espera,,,0,
004048,em_espera,,,0,
004049,em_espera,,,0,
004050,em_espera,,,0,
004051,em_espera,,,0,
004052,em_espera,,,0,
004053,em_espera,,,0,
004054,em_espera,,,0,
004055,em_espera,,,0,
004056,em_espera,,,0,
004057,em_espera,,,0,
004058,em_espera,,,0,
004059,em_espera,,,0,
004060,em_espera,,,0,
004061,em_espera,,,0,
004062,em_espera,,,0,
004063,em_espera,,,0,
004064,em_espera,,,0,
004065,em_espera,,,0,
004066,em_espera,,,0,
004067,em_espera,,,0,
004068,em_espera,,,0,
004069,em_espera,,,0,
004070,em_espera,,,0,
004071,em_espera,,,0,
004072,em_espera,,,0,
004073,em_espera,,,0,
004074,em_espera,,,0,
004075,em_espera,,,0,
004076,em_espera,,,0,
004077,em_espera,,,0,
004078,em_espera,,,0,
004079,em_espera,,,0,
004080,em_espera,,,0,
004081,em_espera,,,0,
004082,em_espera,,,0,
004083,em_espera,,,0,
004084,em_espera,,,0,
004085,em_espera,,,0,
004086,em_espera,,,0,
004087,em_espera,,,0,
004088,em_espera,,,0,
004089,em_espera,,,0,
004090,em_espera,,,0,
004091,em_espera,,,0,
004092,em_espera,,,0,
004093,em_espera,,,0,
004094,em_espera,,,0,
004095,em_espera,,,0,
004096,em_espera,,,0,
004097,em_espera,,,0,
004098,em_espera,,,0,
004099,em_espera,,,0,
004100,em_espera,,,0,
004101,em_espera,,,0,
004102,em_espera,,,0,
004103,em_espera,,,0,
004104,em_espera,,,0,
004105,em_espera,,,0,
004106,em_espera,,,0,
004107,em_espera,,,0,
004108,em_espera,,,0,
004109,em_espera,,,0,
004110,em_espera,,,0,
004111,em_espera,,,0,
004112,em_espera,,,0,
004113,em_espera,,,0,
004114,em_espera,,,0,
004115,em_espera,,,0,
004116,em_espera,,,0,
004117,em_espera,,,0,
004118,em_espera,,,0,
004119,em_espera,,,0,
004120,em_espera,,,0,
004121,em_espera,,,0,
004122,em_espera,,,0,
004123,em_espera,,,0,
004124,em_espera,,,0,
004125,em_espera,,,0,
004126,em_espera,,,0,
004127,em_espera,,,0,
004128,em_espera,,,0,
004129,em_espera,,,0,
004130,em_espera,,,0,
004131,em_espera,,,0,
004132,em_espera,,,0,
004133,em_espera,,,0,
004134,em_espera,,,0,
004135,em_espera,,,0,
004136,em_espera,,,0,
004137,em_espera,,,0,
004138,em_espera,,,0,
004139,em_espera,,,0,
004140,em_espera,,,0,
004141,em_espera,,,0,
004142,em_espera,,,0,
004143,em_espera,,,0,
004144,em_espera,,,0,
004145,em_espera,,,0,
004146,em_espera,,,0,
004147,em_espera,,,0,
004148,em_espera,,,0,
004149,em_espera,,,0,
004150,em_espera,,,0,
004151,em_espera,,,0,
004152,em_espera,,,0,
004153,em_espera,,,0,
004154,em_espera,,,0,
004155,em_espera,,,0,
004156,em_espera,,,0,
004157,em_espera,,,0,
004158,em_espera,,,0,
004159,em_espera,,,0,
004160,em_espera,,,0,
004161,em_espera,,,0,
004162,em_espera,,,0,
004163,em_espera,,,0,
004164,em_espera,,,0,
004165,em_espera,,,0,
004166,em_espera,,,0,
004167,em_espera,,,0,
004168,em_espera,,,0,
004169,em_espera,,,0,
004170,em_espera,,,0,
004171,em_espera,,,0,
004172,em_espera,,,0,
004173,em_espera,,,0,
004174,em_espera,,,0,
004175,em_espera,,,0,
004176,em_espera,,,0,
004177,em_espera,,,0,
004178,em_espera,,,0,
004179,em_espera,,,0,
004180,em_espera,,,0,
004181,em_espera,,,0,
004182,em_espera,,,0,
004183,em_espera,,,0,
004184,em_espera,,,0,
004185,em_espera,,,0,
004186,em_espera,,,0,
004187,em_espera,,,0,
004188,em_espera,,,0,
004189,em_espera,,,0,
004190,em_espera,,,0,
004191,em_espera,,,0,
004192,em_espera,,,0,
004193,em_espera,,,0,
004194,em_espera,,,0,
004195,em_espera,,,0,
004196,em_espera,,,0,
004197,em_espera,,,0,
004198,em_espera,,,0,
004199,em_espera,,,0,
004200,em_espera,,,0,
004201,em_espera,,,0,
004202,em_espera,,,0,
004203,em_espera,,,0,
004204,em_espera,,,0,
004205,em_espera,,,0,
004206,em_espera,,,0,
004207,em_espera,,,0,
004208,em_espera,,,0,
004209,em_espera,,,0,
004210,em_espera,,,0,
004211,em_espera,,,0,
004212,em_espera,,,0,
004213,em_espera,,,0,
004214,em_espera,,,0,
004215,em_espera,,,0,
004216,em_espera,,,0,
004217,em_espera,,,0,
004218,em_espera,,,0,
004219,em_espera,,,0,
004220,em_espera,,,0,
004221,em_espera,,,0,
004222,em_espera,,,0,
004223,em_espera,,,0,
004224,em_espera,,,0,
004225,em_espera,,,0,
004226,em_espera,,,0,
004227,em_espera,,,0,
004228,em_espera,,,0,
004229,em_espera,,,0,
004230,em_espera,,,0,
004231,em_espera,,,0,
004232,em_espera,,,0,
004233,em_espera,,,0,
004234,em_espera,,,0,
004235,em_espera,,,0,
004236,em_espera,,,0,
004237,em_espera,,,0,
004238,em_espera,,,0,
004239,em_espera,,,0,
004240,em_espera,,,0,
004241,em_espera,,,0,
004242,em_espera,,,0,
004243,em_espera,,,0,
004244,em_espera,,,0,
004245,em_espera,,,0,
004246,em_espera,,,0,
004247,em_espera,,,0,
004248,em_espera,,,0,
004249,em_espera,,,0,
004250,em_espera,,,0,
004251,em_espera,,,0,
004252,em_espera,,,0,
004253,em_espera,,,0,
004254,em_espera,,,0,
004255,em_espera,,,0,
004256,em_espera,,,0,
004257,em_espera,,,0,
004258,em_espera,,,0,
004259,em_espera,,,0,
004260,em_espera,,,0,
004261,em_espera,,,0,
004262,em_espera,,,0,
004263,em_espera,,,0,
004264,em_espera,,,0,
004265,em_espera,,,0,
004266,em_espera,,,0,
004267,em_espera,,,0,
004268,em_espera,,,0,
004269,em_espera,,,0,
004270,em_espera,,,0,
004271,em_espera,,,0,
004272,em_espera,,,0,
004273,em_espera,,,0,
004274,em_espera,,,0,
004275,em_espera,,,0,
004276,em_espera,,,0,
004277,em_espera,,,0,
004278,em_espera,,,0,
004279,em_espera,,,0,
004280,em_espera,,,0,
004281,em_espera,,,0,
004282,em_espera,,,0,
004283,em_espera,,,0,
004284,em_espera,,,0,
004285,em_espera,,,0,
004286,em_espera,,,0,
004287,em_espera,,,0,
004288,em_espera,,,0,
004289,em_espera,,,0,
004290,em_espera,,,0,
004291,em_espera,,,0,
004292,em_espera,,,0,
004293,em_espera,,,0,
004294,em_espera,,,0,
004295,em_espera,,,0,
004296,em_espera,,,0,
004297,em_espera,,,0,
004298,em_espera,,,0,
004299,em_espera,,,0,
004300,em_espera,,,0,
004301,em_espera,,,0,
004302,em_espera,,,0,
004303,em_espera,,,0,
004304,em_espera,,,0,
004305,em_espera,,,0,
004306,em_espera,,,0,
004307,em_espera,,,0,
004308,em_espera,,,0,
004309,em_espera,,,0,
004310,em_espera,,,0,
004311,em_espera,,,0,
004312,em_espera,,,0,
004313,em_espera,,,0,
004314,em_espera,,,0,
004315,em_espera,,,0,
004316,em_espera,,,0,
004317,em_espera,,,0,
004318,em_espera,,,0,
004319,em_espera,,,0,
004320,em_espera,,,0,
004321,em_espera,,,0,
004322,em_espera,,,0,
004323,em_espera,,,0,
004324,em_espera,,,0,
004325,em_espera,,,0,
004326,em_espera,,,0,
004327,em_espera,,,0,
004328,em_espera,,,0,
004329,em_espera,,,0,
004330,em_espera,,,0,
004331,em_espera,,,0,
004332,em_espera,,,0,
004333,em_espera,,,0,
004334,em_espera,,,0,
004335,em_espera,,,0,
004336,em_espera,,,0,
004337,em_espera,,,0,
004338,em_espera,,,0,
004339,em_espera,,,0,
004340,em_espera,,,0,
004341,em_espera,,,0,
004342,em_espera,,,0,
004343,em_espera,,,0,
004344,em_espera,,,0,
004345,em_espera,,,0,
004346,em_espera,,,0,
004347,em_espera,,,0,
004348,em_espera,,,0,
004349,em_espera,,,0,
004350,em_espera,,,0,
004351,em_espera,,,0,
004352,em_espera,,,0,
004353,em_espera,,,0,
004354,em_espera,,,0,
004355,em_espera,,,0,
004356,em_espera,,,0,
004357,em_espera,,,0,
004358,em_espera,,,0,
004359,em_espera,,,0,
004360,em_espera,,,0,
004361,em_espera,,,0,
004362,em_espera,,,0,
004363,em_espera,,,0,
004364,em_espera,,,0,
004365,em_espera,,,0,
004366,em_espera,,,0,
004367,em_espera,,,0,
004368,em_espera,,,0,
004369,em_espera,,,0,
004370,em_espera,,,0,
004371,em_espera,,,0,
004372,em_espera,,,0,
004373,em_espera,,,0,
004374,em_espera,,,0,
004375,em_espera,,,0,
004376,em_espera,,,0,
004377,em_espera,,,0,
004378,em_espera,,,0,
004379,em_espera,,,0,
004380,em_espera,,,0,
004381,em_espera,,,0,
004382,em_espera,,,0,
004383,em_espera,,,0,
004384,em_espera,,,0,
004385,em_espera,,,0,
004386,em_espera,,,0,
004387,em_espera,,,0,
004388,em_espera,,,0,
004389,em_espera,,,0,
004390,em_espera,,,0,
004391,em_espera,,,0,
004392,em_espera,,,0,
004393,em_espera,,,0,
004394,em_espera,,,0,
004395,em_espera,,,0,
004396,em_espera,,,0,
004397,em_espera,,,0,
004398,em_espera,,,0,
004399,em_espera,,,0,
004400,em_espera,,,0,
004401,em_espera,,,0,
004402,em_espera,,,0,
004403,em_espera,,,0,
004404,em_espera,,,0,
004405,em_espera,,,0,
004406,em_espera,,,0,
004407,em_espera,,,0,
004408,em_espera,,,0,
004409,em_espera,,,0,
004410,em_espera,,,0,
004411,em_espera,,,0,
004412,em_espera,,,0,
004413,em_espera,,,0,
004414,em_espera,,,0,
004415,em_espera,,,0,
004416,em_espera,,,0,
004417,em_espera,,,0,
004418,em_espera,,,0,
004419,em_espera,,,0,
004420,em_espera,,,0,
004421,em_espera,,,0,
004422,em_espera,,,0,
004423,em_espera,,,0,
004424,em_espera,,,0,
004425,em_espera,,,0,
004426,em_espera,,,0,
004427,em_espera,,,0,
004428,em_espera,,,0,
004429,em_espera,,,0,
004430,em_espera,,,0,
004431,em_espera,,,0,
004432,em_espera,,,0,
004433,em_espera,,,0,
004434,em_espera,,,0,
004435,em_espera,,,0,
004436,em_espera,,,0,
004437,em_espera,,,0,
004438,em_espera,,,0,
004439,em_espera,,,0,
004440,em_espera,,,0,
004441,em_espera,,,0,
004442,em_espera,,,0,
004443,em_espera,,,0,
004444,em_espera,,,0,
004445,em_espera,,,0,
004446,em_espera,,,0,
004447,em_espera,,,0,
004448,em_espera,,,0,
004449,em_espera,,,0,
004450,em_espera,,,0,
004451,em_espera,,,0,
004452,em_espera,,,0,
004453,em_espera,,,0,
004454,em_espera,,,0,
004455,em_espera,,,0,
004456,em_espera,,,0,
004457,em_espera,,,0,
004458,em_espera,,,0,
004459,em_espera,,,0,
004460,em_espera,,,0,
004461,em_espera,,,0,
004462,em_espera,,,0,
004463,em_espera,,,0,
004464,em_espera,,,0,
004465,em_espera,,,0,
004466,em_espera,,,0,
004467,em_espera,,,0,
004468,em_espera,,,0,
004469,em_espera,,,0,
004470,em_espera,,,0,
004471,em_espera,,,0,
004472,em_espera,,,0,
004473,em_espera,,,0,
004474,em_espera,,,0,
004475,em_espera,,,0,
004476,em_espera,,,0,
004477,em_espera,,,0,
004478,em_espera,,,0,
004479,em_espera,,,0,
004480,em_espera,,,0,
004481,em_espera,,,0,
004482,em_espera,,,0,
004483,em_espera,,,0,
004484,em_espera,,,0,
004485,em_espera,,,0,
004486,em_espera,,,0,
004487,em_espera,,,0,
004488,em_espera,,,0,
004489,em_espera,,,0,
004490,em_espera,,,0,
004491,em_espera,,,0,
004492,em_espera,,,0,
004493,em_espera,,,0,
004494,em_espera,,,0,
004495,em_espera,,,0,
004496,em_espera,,,0,
004497,em_espera,,,0,
004498,em_espera,,,0,
004499,em_espera,,,0,
004500,em_espera,,,0,
004501,em_espera,,,0,
004502,em_espera,,,0,
004503,em_espera,,,0,
004504,em_espera,,,0,
004505,em_espera,,,0,
004506,em_espera,,,0,
004507,em_espera,,,0,
004508,em_espera,,,0,
004509,em_espera,,,0,
004510,em_espera,,,0,
004511,em_espera,,,0,
004512,em_espera,,,0,
004513,em_espera,,,0,
004514,em_espera,,,0,
004515,em_espera,,,0,
004516,em_espera,,,0,
004517,em_espera,,,0,
004518,em_espera,,,0,
004519,em_espera,,,0,
004520,em_espera,,,0,
004521,em_espera,,,0,
004522,em_espera,,,0,
004523,em_espera,,,0,
004524,em_espera,,,0,
004525,em_espera,,,0,
004526,em_espera,,,0,
004527,em_espera,,,0,
004528,em_espera,,,0,
004529,em_espera,,,0,
004530,em_espera,,,0,
004531,em_espera,,,0,
004532,em_espera,,,0,
004533,em_espera,,,0,
004534,em_espera,,,0,
004535,em_espera,,,0,
004536,em_espera,,,0,
004537,em_espera,,,0,
004538,em_espera,,,0,
004539,em_espera,,,0,
004540,em_espera,,,0,
004541,em_espera,,,0,
004542,em_espera,,,0,
004543,em_espera,,,0,
004544,em_espera,,,0,
004545,em_espera,,,0,
004546,em_espera,,,0,
004547,em_espera,,,0,
004548,em_espera,,,0,
004549,em_espera,,,0,
004550,em_espera,,,0,
004551,em_espera,,,0,
004552,em_espera,,,0,
004553,em_espera,,,0,
004554,em_espera,,,0,
004555,em_espera,,,0,
004556,em_espera,,,0,
004557,em_espera,,,0,
004558,em_espera,,,0,
004559,em_espera,,,0,
004560,em_espera,,,0,
004561,em_espera,,,0,
004562,em_espera,,,0,
004563,em_espera,,,0,
004564,em_espera,,,0,
004565,em_espera,,,0,
004566,em_espera,,,0,
004567,em_espera,,,0,
004568,em_espera,,,0,
004569,em_espera,,,0,
004570,em_espera,,,0,
004571,em_espera,,,0,
004572,em_espera,,,0,
004573,em_espera,,,0,
004574,em_espera,,,0,
004575,em_espera,,,0,
004576,em_espera,,,0,
004577,em_espera,,,0,
004578,em_espera,,,0,
004579,em_espera,,,0,
004580,em_espera,,,0,
004581,em_espera,,,0,
004582,em_espera,,,0,
004583,em_espera,,,0,
004584,em_espera,,,0,
004585,em_espera,,,0,
004586,em_espera,,,0,
004587,em_espera,,,0,
004588,em_espera,,,0,
004589,em_espera,,,0,
004590,em_espera,,,0,
004591,em_espera,,,0,
004592,em_espera,,,0,
004593,em_espera,,,0,
004594,em_espera,,,0,
004595,em_espera,,,0,
004596,em_espera,,,0,
004597,em_espera,,,0,
004598,em_espera,,,0,
004599,em_espera,,,0,
004600,em_espera,,,0,
004601,em_espera,,,0,
004602,em_espera,,,0,
004603,em_espera,,,0,
004604,em_espera,,,0,
004605,em_espera,,,0,
004606,em_espera,,,0,
004607,em_espera,,,0,
004608,em_espera,,,0,
004609,em_espera,,,0,
004610,em_espera,,,0,
004611,em_espera,,,0,
004612,em_espera,,,0,
004613,em_espera,,,0,
004614,em_espera,,,0,
004615,em_espera,,,0,
004616,em_espera,,,0,
004617,em_espera,,,0,
004618,em_espera,,,0,
004619,em_espera,,,0,
004620,em_espera,,,0,
004621,em_espera,,,0,
004622,em_espera,,,0,
004623,em_espera,,,0,
004624,em_espera,,,0,
004625,em_espera,,,0,
004626,em_espera,,,0,
004627,em_espera,,,0,
004628,em_espera,,,0,
004629,em_espera,,,0,
004630,em_espera,,,0,
004631,em_espera,,,0,
004632,em_espera,,,0,
004633,em_espera,,,0,
004634,em_espera,,,0,
004635,em_espera,,,0,
004636,em_espera,,,0,
004637,em_espera,,,0,
004638,em_espera,,,0,
004639,em_espera,,,0,
004640,em_espera,,,0,
004641,em_espera,,,0,
004642,em_espera,,,0,
004643,em_espera,,,0,
004644,em_espera,,,0,
004645,em_espera,,,0,
004646,em_espera,,,0,
004647,em_espera,,,0,
004648,em_espera,,,0,
004649,em_espera,,,0,
004650,em_espera,,,0,
004651,em_espera,,,0,
004652,em_espera,,,0,
004653,em_espera,,,0,
004654,em_espera,,,0,
004655,em_espera,,,0,
004656,em_espera,,,0,
004657,em_espera,,,0,
004658,em_espera,,,0,
004659,em_espera,,,0,
004660,em_espera,,,0,
004661,em_espera,,,0,
004662,em_espera,,,0,
004663,em_espera,,,0,
004664,em_espera,,,0,
004665,em_espera,,,0,
004666,em_espera,,,0,
004667,em_espera,,,0,
004668,em_espera,,,0,
004669,em_espera,,,0,
004670,em_espera,,,0,
004671,em_espera,,,0,
004672,em_espera,,,0,
004673,em_espera,,,0,
004674,em_espera,,,0,
004675,em_espera,,,0,
004676,em_espera,,,0,
004677,em_espera,,,0,
004678,em_espera,,,0,
004679,em_espera,,,0,
004680,em_espera,,,0,
004681,em_espera,,,0,
004682,em_espera,,,0,
004683,em_espera,,,0,
004684,em_espera,,,0,
004685,em_espera,,,0,
004686,em_espera,,,0,
004687,em_espera,,,0,
004688,em_espera,,,0,
004689,em_espera,,,0,
004690,em_espera,,,0,
004691,em_espera,,,0,
004692,em_espera,,,0,
004693,em_espera,,,0,
004694,em_espera,,,0,
004695,em_espera,,,0,
004696,em_espera,,,0,
004697,em_espera,,,0,
004698,em_espera,,,0,
004699,em_espera,,,0,
004700,em_espera,,,0,
004701,em_espera,,,0,
004702,em_espera,,,0,
004703,em_espera,,,0,
004704,em_espera,,,0,
004705,em_espera,,,0,
004706,em_espera,,,0,
004707,em_espera,,,0,
004708,em_espera,,,0,
004709,em_espera,,,0,
004710,em_espera,,,0,
004711,em_espera,,,0,
004712,em_espera,,,0,
004713,em_espera,,,0,
004714,em_espera,,,0,
004715,em_espera,,,0,
004716,em_espera,,,0,
004717,em_espera,,,0,
004718,em_espera,,,0,
004719,em_espera,,,0,
004720,em_espera,,,0,
004721,em_espera,,,0,
004722,em_espera,,,0,
004723,em_espera,,,0,
004724,em_espera,,,0,
004725,em_espera,,,0,
004726,em_espera,,,0,
004727,em_espera,,,0,
004728,em_espera,,,0,
004729,em_espera,,,0,
004730,em_espera,,,0,
004731,em_espera,,,0,
004732,em_espera,,,0,
004733,em_espera,,,0,
004734,em_espera,,,0,
004735,em_espera,,,0,
004736,em_espera,,,0,
004737,em_espera,,,0,
004738,em_espera,,,0,
004739,em_espera,,,0,
004740,em_espera,,,0,
004741,em_espera,,,0,
004742,em_espera,,,0,
004743,em_espera,,,0,
004744,em_espera,,,0,
004745,em_espera,,,0,
004746,em_espera,,,0,
004747,em_espera,,,0,
004748,em_espera,,,0,
004749,em_espera,,,0,
004750,em_espera,,,0,
004751,em_espera,,,0,
004752,em_espera,,,0,
004753,em_espera,,,0,
004754,em_espera,,,0,
004755,em_espera,,,0,
004756,em_espera,,,0,
004757,em_espera,,,0,
004758,em_espera,,,0,
004759,em_espera,,,0,
004760,em_espera,,,0,
004761,em_espera,,,0,
004762,em_espera,,,0,
004763,em_espera,,,0,
004764,em_espera,,,0,
004765,em_espera,,,0,
004766,em_espera,,,0,
004767,em_espera,,,0,
004768,em_espera,,,0,
004769,em_espera,,,0,
004770,em_espera,,,0,
004771,em_espera,,,0,
004772,em_espera,,,0,
004773,em_espera,,,0,
004774,em_espera,,,0,
004775,em_espera,,,0,
004776,em_espera,,,0,
004777,em_espera,,,0,
004778,em_espera,,,0,
004779,em_espera,,,0,
004780,em_espera,,,0,
004781,em_espera,,,0,
004782,em_espera,,,0,
004783,em_espera,,,0,
004784,em_espera,,,0,
004785,em_espera,,,0,
004786,em_espera,,,0,
004787,em_espera,,,0,
004788,em_espera,,,0,
004789,em_espera,,,0,
004790,em_espera,,,0,
004791,em_espera,,,0,
004792,em_espera,,,0,
004793,em_espera,,,0,
004794,em_espera,,,0,
004795,em_espera,,,0,
004796,em_espera,,,0,
004797,em_espera,,,0,
004798,em_espera,,,0,
004799,em_espera,,,0,
004800,em_espera,,,0,
004801,em_espera,,,0,
004802,em_espera,,,0,
004803,em_espera,,,0,
004804,em_espera,,,0,
004805,em_espera,,,0,
004806,em_espera,,,0,
004807,em_espera,,,0,
004808,em_espera,,,0,
004809,em_espera,,,0,
004810,em_espera,,,0,
004811,em_espera,,,0,
004812,em_espera,,,0,
004813,em_espera,,,0,
004814,em_espera,,,0,
004815,em_espera,,,0,
004816,em_espera,,,0,
004817,em_espera,,,0,
004818,em_espera,,,0,
004819,em_espera,,,0,
004820,em_espera,,,0,
004821,em_espera,,,0,
004822,em_espera,,,0,
004823,em_espera,,,0,
004824,em_espera,,,0,
004825,em_espera,,,0,
004826,em_espera,,,0,
004827,em_espera,,,0,
004828,em_espera,,,0,
004829,em_espera,,,0,
004830,em_espera,,,0,
004831,em_espera,,,0,
004832,em_espera,,,0,
004833,em_espera,,,0,
004834,em_espera,,,0,
004835,em_espera,,,0,
004836,em_espera,,,0,
004837,em_espera,,,0,
004838,em_espera,,,0,
004839,em_espera,,,0,
004840,em_espera,,,0,
004841,em_espera,,,0,
004842,em_espera,,,0,
004843,em_espera,,,0,
004844,em_espera,,,0,
004845,em_espera,,,0,
004846,em_espera,,,0,
004847,em_espera,,,0,
004848,em_espera,,,0,
004849,em_espera,,,0,
004850,em_espera,,,0,
004851,em_espera,,,0,
004852,em_espera,,,0,
004853,em_espera,,,0,
004854,em_espera,,,0,
004855,em_espera,,,0,
004856,em_espera,,,0,
004857,em_espera,,,0,
004858,em_espera,,,0,
004859,em_espera,,,0,
004860,em_espera,,,0,
004861,em_espera,,,0,
004862,em_espera,,,0,
004863,em_espera,,,0,
004864,em_espera,,,0,
004865,em_espera,,,0,
004866,em_espera,,,0,
004867,em_espera,,,0,
004868,em_espera,,,0,
004869,em_espera,,,0,
004870,em_espera,,,0,
004871,em_espera,,,0,
004872,em_espera,,,0,
004873,em_espera,,,0,
004874,em_espera,,,0,
004875,em_espera,,,0,
004876,em_espera,,,0,
004877,em_espera,,,0,
004878,em_espera,,,0,
004879,em_espera,,,0,
004880,em_espera,,,0,
004881,em_espera,,,0,
004882,em_espera,,,0,
004883,em_espera,,,0,
004884,em_espera,,,0,
004885,em_espera,,,0,
004886,em_espera,,,0,
004887,em_espera,,,0,
004888,em_espera,,,0,
004889,em_espera,,,0,
004890,em_espera,,,0,
004891,em_espera,,,0,
004892,em_espera,,,0,
004893,em_espera,,,0,
004894,em_espera,,,0,
004895,em_espera,,,0,
004896,em_espera,,,0,
004897,em_espera,,,0,
004898,em_espera,,,0,
004899,em_espera,,,0,
004900,em_espera,,,0,
004901,em_espera,,,0,
004902,em_espera,,,0,
004903,em_espera,,,0,
004904,em_espera,,,0,
004905,em_espera,,,0,
004906,em_espera,,,0,
004907,em_espera,,,0,
004908,em_espera,,,0,
004909,em_espera,,,0,
004910,em_espera,,,0,
004911,em_espera,,,0,
004912,em_espera,,,0,
004913,em_espera,,,0,
004914,em_espera,,,0,
004915,em_espera,,,0,
004916,em_espera,,,0,
004917,em_espera,,,0,
004918,em_espera,,,0,
004919,em_espera,,,0,
004920,em_espera,,,0,
004921,em_espera,,,0,
004922,em_espera,,,0,
004923,em_espera,,,0,
004924,em_espera,,,0,
004925,em_espera,,,0,
004926,em_espera,,,0,
004927,em_espera,,,0,
004928,em_espera,,,0,
004929,em_espera,,,0,
004930,em_espera,,,0,
004931,em_espera,,,0,
004932,em_espera,,,0,
004933,em_espera,,,0,
004934,em_espera,,,0,
004935,em_espera,,,0,
004936,em_espera,,,0,
004937,em_espera,,,0,
004938,em_espera,,,0,
004939,em_espera,,,0,
004940,em_espera,,,0,
004941,em_espera,,,0,
004942,em_espera,,,0,
004943,em_espera,,,0,
004944,em_espera,,,0,
004945,em_espera,,,0,
004946,em_espera,,,0,
004947,em_espera,,,0,
004948,em_espera,,,0,
004949,em_espera,,,0,
004950,em_espera,,,0,
004951,em_espera,,,0,
004952,em_espera,,,0,
004953,em_espera,,,0,
004954,em_espera,,,0,
004955,em_espera,,,0,
004956,em_espera,,,0,
004957,em_espera,,,0,
004958,em_espera,,,0,
004959,em_espera,,,0,
004960,em_espera,,,0,
004961,em_espera,,,0,
004962,em_espera,,,0,
004963,em_espera,,,0,
004964,em_espera,,,0,
004965,em_espera,,,0,
004966,em_espera,,,0,
004967,em_espera,,,0,
004968,em_espera,,,0,
004969,em_espera,,,0,
004970,em_espera,,,0,
004971,em_espera,,,0,
004972,em_espera,,,0,
004973,em_espera,,,0,
004974,em_espera,,,0,
004975,em_espera,,,0,
004976,em_espera,,,0,
004977,em_espera,,,0,
004978,em_espera,,,0,
004979,em_espera,,,0,
004980,em_espera,,,0,
004981,em_espera,,,0,
004982,em_espera,,,0,
004983,em_espera,,,0,
004984,em_espera,,,0,
004985,em_espera,,,0,
004986,em_espera,,,0,
004987,em_espera,,,0,
004988,em_espera,,,0,
004989,em_espera,,,0,
004990,em_espera,,,0,
004991,em_espera,,,0,
004992,em_espera,,,0,
004993,em_espera,,,0,
004994,em_espera,,,0,
004995,em_espera,,,0,
004996,em_espera,,,0,
004997,em_espera,,,0,
004998,em_espera,,,0,
004999,em_espera,,,0,
005000,em_espera,,,0,
005001,em_espera,,,0,
005002,em_espera,,,0,
005003,em_espera,,,0,
005004,em_espera,,,0,
005005,em_espera,,,0,
005006,em_espera,,,0,
005007,em_espera,,,0,
005008,em_espera,,,0,
005009,em_espera,,,0,
005010,em_espera,,,0,
005011,em_espera,,,0,
005012,em_espera,,,0,
005013,em_espera,,,0,
005014,em_espera,,,0,
005015,em_espera,,,0,
005016,em_espera,,,0,
005017,em_espera,,,0,
005018,em_espera,,,0,
005019,em_espera,,,0,
005020,em_espera,,,0,
005021,em_espera,,,0,
005022,em_espera,,,0,
005023,em_espera,,,0,
005024,em_espera,,,0,
005025,em_espera,,,0,
005026,em_espera,,,0,
005027,em_espera,,,0,
005028,em_espera,,,0,
005029,em_espera,,,0,
005030,em_espera,,,0,
005031,em_espera,,,0,
005032,em_espera,,,0,
005033,em_espera,,,0,
005034,em_espera,,,0,
005035,em_espera,,,0,
005036,em_espera,,,0,
005037,em_espera,,,0,
005038,em_espera,,,0,
005039,em_espera,,,0,
005040,em_espera,,,0,
005041,em_espera,,,0,
005042,em_espera,,,0,
005043,em_espera,,,0,
005044,em_espera,,,0,
005045,em_espera,,,0,
005046,em_espera,,,0,
005047,em_espera,,,0,
005048,em_espera,,,0,
005049,em_espera,,,0,
005050,em_espera,,,0,
005051,em_espera,,,0,
005052,em_espera,,,0,
005053,em_espera,,,0,
005054,em_espera,,,0,
005055,em_espera,,,0,
005056,em_espera,,,0,
005057,em_espera,,,0,
005058,em_espera,,,0,
005059,em_espera,,,0,
005060,em_espera,,,0,
005061,em_espera,,,0,
005062,em_espera,,,0,
005063,em_espera,,,0,
005064,em_espera,,,0,
005065,em_espera,,,0,
005066,em_espera,,,0,
005067,em_espera,,,0,
005068,em_espera,,,0,
005069,em_espera,,,0,
005070,em_espera,,,0,
005071,em_espera,,,0,
005072,em_espera,,,0,
005073,em_espera,,,0,
005074,em_espera,,,0,
005075,em_espera,,,0,
005076,em_espera,,,0,
005077,em_espera,,,0,
005078,em_espera,,,0,
005079,em_espera,,,0,
005080,em_espera,,,0,
005081,em_espera,,,0,
005082,em_espera,,,0,
005083,em_espera,,,0,
005084,em_espera,,,0,
005085,em_espera,,,0,
005086,em_espera,,,0,
005087,em_espera,,,0,
005088,em_espera,,,0,
005089,em_espera,,,0,
005090,em_espera,,,0,
005091,em_espera,,,0,
005092,em_espera,,,0,
005093,em_espera,,,0,
005094,em_espera,,,0,
005095,em_espera,,,0,
005096,em_espera,,,0,
005097,em_espera,,,0,
005098,em_espera,,,0,
005099,em_espera,,,0,
005100,em_espera,,,0,
005101,em_espera,,,0,
005102,em_espera,,,0,
005103,em_espera,,,0,
005104,em_espera,,,0,
005105,em_espera,,,0,
005106,em_espera,,,0,
005107,em_espera,,,0,
005108,em_espera,,,0,
005109,em_espera,,,0,
005110,em_espera,,,0,
005111,em_espera,,,0,
005112,em_espera,,,0,
005113,em_espera,,,0,
005114,em_espera,,,0,
005115,em_espera,,,0,
005116,em_espera,,,0,
005117,em_espera,,,0,
005118,em_espera,,,0,
005119,em_espera,,,0,
005120,em_espera,,,0,
005121,em_espera,,,0,
005122,em_espera,,,0,
005123,em_espera,,,0,
005124,em_espera,,,0,
005125,em_espera,,,0,
005126,em_espera,,,0,
005127,em_espera,,,0,
005128,em_espera,,,0,
005129,em_espera,,,0,
005130,em_espera,,,0,
005131,em_espera,,,0,
005132,em_espera,,,0,
005133,em_espera,,,0,
005134,em_espera,,,0,
005135,em_espera,,,0,
005136,em_espera,,,0,
005137,em_espera,,,0,
005138,em_espera,,,0,
005139,em_espera,,,0,
005140,em_espera,,,0,
005141,em_espera,,,0,
005142,em_espera,,,0,
005143,em_espera,,,0,
005144,em_espera,,,0,
005145,em_espera,,,0,
005146,em_espera,,,0,
005147,em_espera,,,0,
005148,em_espera,,,0,
005149,em_espera,,,0,
005150,em_espera,,,0,
005151,em_espera,,,0,
005152,em_espera,,,0,
005153,em_espera,,,0,
005154,em_espera,,,0,
005155,em_espera,,,0,
005156,em_espera,,,0,
005157,em_espera,,,0,
005158,em_espera,,,0,
005159,em_espera,,,0,
005160,em_espera,,,0,
005161,em_espera,,,0,
005162,em_espera,,,0,
005163,em_espera,,,0,
005164,em_espera,,,0,
005165,em_espera,,,0,
005166,em_espera,,,0,
005167,em_espera,,,0,
005168,em_espera,,,0,
005169,em_espera,,,0,
005170,em_espera,,,0,
005171,em_espera,,,0,
005172,em_espera,,,0,
005173,em_espera,,,0,
005174,em_espera,,,0,
005175,em_espera,,,0,
005176,em_espera,,,0,
005177,em_espera,,,0,
005178,em_espera,,,0,
005179,em_espera,,,0,
005180,em_espera,,,0,
005181,em_espera,,,0,
005182,em_espera,,,0,
005183,em_espera,,,0,
005184,em_espera,,,0,
005185,em_espera,,,0,
005186,em_espera,,,0,
005187,em_espera,,,0,
005188,em_espera,,,0,
005189,em_espera,,,0,
005190,em_espera,,,0,
005191,em_espera,,,0,
005192,em_espera,,,0,
005193,em_espera,,,0,
005194,em_espera,,,0,
005195,em_espera,,,0,
005196,em_espera,,,0,
005197,em_espera,,,0,
005198,em_espera,,,0,
005199,em_espera,,,0,
005200,em_espera,,,0,
005201,em_espera,,,0,
005202,em_espera,,,0,
005203,em_espera,,,0,
005204,em_espera,,,0,
005205,em_espera,,,0,
005206,em_espera,,,0,
005207,em_espera,,,0,
005208,em_espera,,,0,
005209,em_espera,,,0,
005210,em_espera,,,0,
005211,em_espera,,,0,
005212,em_espera,,,0,
005213,em_espera,,,0,
005214,em_espera,,,0,
005215,em_espera,,,0,
005216,em_espera,,,0,
005217,em_espera,,,0,
005218,em_espera,,,0,
005219,em_espera,,,0,
005220,em_espera,,,0,
005221,em_espera,,,0,
005222,em_espera,,,0,
005223,em_espera,,,0,
005224,em_espera,,,0,
005225,em_espera,,,0,
005226,em_espera,,,0,
005227,em_espera,,,0,
005228,em_espera,,,0,
005229,em_espera,,,0,
005230,em_espera,,,0,
005231,em_espera,,,0,
005232,em_espera,,,0,
005233,em_espera,,,0,
005234,em_espera,,,0,
005235,em_espera,,,0,
005236,em_espera,,,0,
005237,em_espera,,,0,
005238,em_espera,,,0,
005239,em_espera,,,0,
005240,em_espera,,,0,
005241,em_espera,,,0,
005242,em_espera,,,0,
005243,em_espera,,,0,
005244,em_espera,,,0,
005245,em_espera,,,0,
005246,em_espera,,,0,
005247,em_espera,,,0,
005248,em_espera,,,0,
005249,em_espera,,,0,
005250,em_espera,,,0,
005251,em_espera,,,0,
005252,em_espera,,,0,
005253,em_espera,,,0,
005254,em_espera,,,0,
005255,em_espera,,,0,
005256,em_espera,,,0,
005257,em_espera,,,0,
005258,em_espera,,,0,
005259,em_espera,,,0,
005260,em_espera,,,0,
005261,em_espera,,,0,
005262,em_espera,,,0,
005263,em_espera,,,0,
005264,em_espera,,,0,
005265,em_espera,,,0,
005266,em_espera,,,0,
005267,em_espera,,,0,
005268,em_espera,,,0,
005269,em_espera,,,0,
005270,em_espera,,,0,
005271,em_espera,,,0,
005272,em_espera,,,0,
005273,em_espera,,,0,
005274,em_espera,,,0,
005275,em_espera,,,0,
005276,em_espera,,,0,
005277,em_espera,,,0,
005278,em_espera,,,0,
005279,em_espera,,,0,
005280,em_espera,,,0,
005281,em_espera,,,0,
005282,em_espera,,,0,
005283,em_espera,,,0,
005284,em_espera,,,0,
005285,em_espera,,,0,
005286,em_espera,,,0,
005287,em_espera,,,0,
005288,em_espera,,,0,
005289,em_espera,,,0,
005290,em_espera,,,0,
005291,em_espera,,,0,
005292,em_espera,,,0,
005293,em_espera,,,0,
005294,em_espera,,,0,
005295,em_espera,,,0,
005296,em_espera,,,0,
005297,em_espera,,,0,
005298,em_espera,,,0,
005299,em_espera,,,0,
005300,em_espera,,,0,
005301,em_espera,,,0,
005302,em_espera,,,0,
005303,em_espera,,,0,
005304,em_espera,,,0,
005305,em_espera,,,0,
005306,em_espera,,,0,
005307,em_espera,,,0,
005308,em_espera,,,0,
005309,em_espera,,,0,
005310,em_espera,,,0,
005311,em_espera,,,0,
005312,em_espera,,,0,
005313,em_espera,,,0,
005314,em_espera,,,0,
005315,em_espera,,,0,
005316,em_espera,,,0,
005317,em_espera,,,0,
005318,em_espera,,,0,
005319,em_espera,,,0,
005320,em_espera,,,0,
005321,em_espera,,,0,
005322,em_espera,,,0,
005323,em_espera,,,0,
005324,em_espera,,,0,
005325,em_espera,,,0,
005326,em_espera,,,0,
005327,em_espera,,,0,
005328,em_espera,,,0,
005329,em_espera,,,0,
005330,em_espera,,,0,
005331,em_espera,,,0,
005332,em_espera,,,0,
005333,em_espera,,,0,
005334,em_espera,,,0,
005335,em_espera,,,0,
005336,em_espera,,,0,
005337,em_espera,,,0,
005338,em_espera,,,0,
005339,em_espera,,,0,
005340,em_espera,,,0,
005341,em_espera,,,0,
005342,em_espera,,,0,
005343,em_espera,,,0,
005344,em_espera,,,0,
005345,em_espera,,,0,
005346,em_espera,,,0,
005347,em_espera,,,0,
005348,em_espera,,,0,
005349,em_espera,,,0,
005350,em_espera,,,0,
005351,em_espera,,,0,
005352,em_espera,,,0,
005353,em_espera,,,0,
005354,em_espera,,,0,
005355,em_espera,,,0,
005356,em_espera,,,0,
005357,em_espera,,,0,
005358,em_espera,,,0,
005359,em_espera,,,0,
005360,em_espera,,,0,
005361,em_espera,,,0,
005362,em_espera,,,0,
005363,em_espera,,,0,
005364,em_espera,,,0,
005365,em_espera,,,0,
005366,em_espera,,,0,
005367,em_espera,,,0,
005368,em_espera,,,0,
005369,em_espera,,,0,
005370,em_espera,,,0,
005371,em_espera,,,0,
005372,em_espera,,,0,
005373,em_espera,,,0,
005374,em_espera,,,0,
005375,em_espera,,,0,
005376,em_espera,,,0,
005377,em_espera,,,0,
005378,em_espera,,,0,
005379,em_espera,,,0,
005380,em_espera,,,0,
005381,em_espera,,,0,
005382,em_espera,,,0,
005383,em_espera,,,0,
005384,em_espera,,,0,
005385,em_espera,,,0,
005386,em_espera,,,0,
005387,em_espera,,,0,
005388,em_espera,,,0,
005389,em_espera,,,0,
005390,em_espera,,,0,
005391,em_espera,,,0,
005392,em_espera,,,0,
005393,em_espera,,,0,
005394,em_espera,,,0,
005395,em_espera,,,0,
005396,em_espera,,,0,
005397,em_espera,,,0,
005398,em_espera,,,0,
005399,em_espera,,,0,
005400,em_espera,,,0,
005401,em_espera,,,0,
005402,em_espera,,,0,
005403,em_espera,,,0,
005404,em_espera,,,0,
005405,em_espera,,,0,
005406,em_espera,,,0,
005407,em_espera,,,0,
005408,em_espera,,,0,
005409,em_espera,,,0,
005410,em_espera,,,0,
005411,em_espera,,,0,
005412,em_espera,,,0,
005413,em_espera,,,0,
005414,em_espera,,,0,
005415,em_espera,,,0,
005416,em_espera,,,0,
005417,em_espera,,,0,
005418,em_espera,,,0,
005419,em_espera,,,0,
005420,em_espera,,,0,
005421,em_espera,,,0,
005422,em_espera,,,0,
005423,em_espera,,,0,
005424,em_espera,,,0,
005425,em_espera,,,0,
005426,em_espera,,,0,
005427,em_espera,,,0,
005428,em_espera,,,0,
005429,em_espera,,,0,
005430,em_espera,,,0,
005431,em_espera,,,0,
005432,em_espera,,,0,
005433,em_espera,,,0,
005434,em_espera,,,0,
005435,em_espera,,,0,
005436,em_espera,,,0,
005437,em_espera,,,0,
005438,em_espera,,,0,
005439,em_espera,,,0,
005440,em_espera,,,0,
005441,em_espera,,,0,
005442,em_espera,,,0,
005443,em_espera,,,0,
005444,em_espera,,,0,
005445,em_espera,,,0,
005446,em_espera,,,0,
005447,em_espera,,,0,
005448,em_espera,,,0,
005449,em_espera,,,0,
005450,em_espera,,,0,
005451,em_espera,,,0,
005452,em_espera,,,0,
005453,em_espera,,,0,
005454,em_espera,,,0,
005455,em_espera,,,0,
005456,em_espera,,,0,
005457,em_espera,,,0,
005458,em_espera,,,0,
005459,em_espera,,,0,
005460,em_espera,,,0,
005461,em_espera,,,0,
005462,em_espera,,,0,
005463,em_espera,,,0,
005464,em_espera,,,0,
005465,em_espera,,,0,
005466,em_espera,,,0,
005467,em_espera,,,0,
005468,em_espera,,,0,
005469,em_espera,,,0,
005470,em_espera,,,0,
005471,em_espera,,,0,
005472,em_espera,,,0,
005473,em_espera,,,0,
005474,em_espera,,,0,
005475,em_espera,,,0,
005476,em_espera,,,0,
005477,em_espera,,,0,
005478,em_espera,,,0,
005479,em_espera,,,0,
005480,em_espera,,,0,
005481,em_espera,,,0,
005482,em_espera,,,0,
005483,em_espera,,,0,
005484,em_espera,,,0,
005485,em_espera,,,0,
005486,em_espera,,,0,
005487,em_espera,,,0,
005488,em_espera,,,0,
005489,em_espera,,,0,
005490,em_espera,,,0,
005491,em_espera,,,0,
005492,em_espera,,,0,
005493,em_espera,,,0,
005494,em_espera,,,0,
005495,em_espera,,,0,
005496,em_espera,,,0,
005497,em_espera,,,0,
005498,em_espera,,,0,
005499,em_espera,,,0,
005500,em_espera,,,0,
005501,em_espera,,,0,
005502,em_espera,,,0,
005503,em_espera,,,0,
005504,em_espera,,,0,
005505,em_espera,,,0,
005506,em_espera,,,0,
005507,em_espera,,,0,
005508,em_espera,,,0,
005509,em_espera,,,0,
005510,em_espera,,,0,
005511,em_espera,,,0,
005512,em_espera,,,0,
005513,em_espera,,,0,
005514,em_espera,,,0,
005515,em_espera,,,0,
005516,em_espera,,,0,
005517,em_espera,,,0,
005518,em_espera,,,0,
005519,em_espera,,,0,
005520,em_espera,,,0,
005521,em_espera,,,0,
005522,em_espera,,,0,
005523,em_espera,,,0,
005524,em_espera,,,0,
005525,em_espera,,,0,
005526,em_espera,,,0,
005527,em_espera,,,0,
005528,em_espera,,,0,
005529,em_espera,,,0,
005530,em_espera,,,0,
005531,em_espera,,,0,
005532,em_espera,,,0,
005533,em_espera,,,0,
005534,em_espera,,,0,
005535,em_espera,,,0,
005536,em_espera,,,0,
005537,em_espera,,,0,
005538,em_espera,,,0,
005539,em_espera,,,0,
005540,em_espera,,,0,
005541,em_espera,,,0,
005542,em_espera,,,0,
005543,em_espera,,,0,
005544,em_espera,,,0,
005545,em_espera,,,0,
005546,em_espera,,,0,
005547,em_espera,,,0,
005548,em_espera,,,0,
005549,em_espera,,,0,
005550,em_espera,,,0,
005551,em_espera,,,0,
005552,em_espera,,,0,
005553,em_espera,,,0,
005554,em_espera,,,0,
005555,em_espera,,,0,
005556,em_espera,,,0,
005557,em_espera,,,0,
005558,em_espera,,,0,
005559,em_espera,,,0,
005560,em_espera,,,0,
005561,em_espera,,,0,
005562,em_espera,,,0,
005563,em_espera,,,0,
005564,em_espera,,,0,
005565,em_espera,,,0,
005566,em_espera,,,0,
005567,em_espera,,,0,
005568,em_espera,,,0,
005569,em_espera,,,0,
005570,em_espera,,,0,
005571,em_espera,,,0,
005572,em_espera,,,0,
005573,em_espera,,,0,
005574,em_espera,,,0,
005575,em_espera,,,0,
005576,em_espera,,,0,
005577,em_espera,,,0,
005578,em_espera,,,0,
005579,em_espera,,,0,
005580,em_espera,,,0,
005581,em_espera,,,0,
005582,em_espera,,,0,
005583,em_espera,,,0,
005584,em_espera,,,0,
005585,em_espera,,,0,
005586,em_espera,,,0,
005587,em_espera,,,0,
005588,em_espera,,,0,
005589,em_espera,,,0,
005590,em_espera,,,0,
005591,em_espera,,,0,
005592,em_espera,,,0,
005593,em_espera,,,0,
005594,em_espera,,,0,
005595,em_espera,,,0,
005596,em_espera,,,0,
005597,em_espera,,,0,
005598,em_espera,,,0,
005599,em_espera,,,0,
005600,em_espera,,,0,
005601,em_espera,,,0,
005602,em_espera,,,0,
005603,em_espera,,,0,
005604,em_espera,,,0,
005605,em_espera,,,0,
005606,em_espera,,,0,
005607,em_espera,,,0,
005608,em_espera,,,0,
005609,em_espera,,,0,
005610,em_espera,,,0,
005611,em_espera,,,0,
005612,em_espera,,,0,
005613,em_espera,,,0,
005614,em_espera,,,0,
005615,em_espera,,,0,
005616,em_espera,,,0,
005617,em_espera,,,0,
005618,em_espera,,,0,
005619,em_espera,,,0,
005620,em_espera,,,0,
005621,em_espera,,,0,
005622,em_espera,,,0,
005623,em_espera,,,0,
005624,em_espera,,,0,
005625,em_espera,,,0,
005626,em_espera,,,0,
005627,em_espera,,,0,
005628,em_espera,,,0,
005629,em_espera,,,0,
005630,em_espera,,,0,
005631,em_espera,,,0,
005632,em_espera,,,0,
005633,em_espera,,,0,
005634,em_espera,,,0,
005635,em_espera,,,0,
005636,em_espera,,,0,
005637,em_espera,,,0,
005638,em_espera,,,0,
005639,em_espera,,,0,
005640,em_espera,,,0,
005641,em_espera,,,0,
005642,em_espera,,,0,
005643,em_espera,,,0,
005644,em_espera,,,0,
005645,em_espera,,,0,
005646,em_espera,,,0,
005647,em_espera,,,0,
005648,em_espera,,,0,
005649,em_espera,,,0,
005650,em_espera,,,0,
005651,em_espera,,,0,
005652,em_espera,,,0,
005653,em_espera,,,0,
005654,em_espera,,,0,
005655,em_espera,,,0,
005656,em_espera,,,0,
005657,em_espera,,,0,
005658,em_espera,,,0,
005659,em_espera,,,0,
005660,em_espera,,,0,
005661,em_espera,,,0,
005662,em_espera,,,0,
005663,em_espera,,,0,
005664,em_espera,,,0,
005665,em_espera,,,0,
005666,em_espera,,,0,
005667,em_espera,,,0,
005668,em_espera,,,0,
005669,em_espera,,,0,
005670,em_espera,,,0,
005671,em_espera,,,0,
005672,em_espera,,,0,
005673,em_espera,,,0,
005674,em_espera,,,0,
005675,em_espera,,,0,
005676,em_espera,,,0,
005677,em_espera,,,0,
005678,em_espera,,,0,
005679,em_espera,,,0,
005680,em_espera,,,0,
005681,em_espera,,,0,
005682,em_espera,,,0,
005683,em_espera,,,0,
005684,em_espera,,,0,
005685,em_espera,,,0,
005686,em_espera,,,0,
005687,em_espera,,,0,
005688,em_espera,,,0,
005689,em_espera,,,0,
005690,em_espera,,,0,
005691,em_espera,,,0,
005692,em_espera,,,0,
005693,em_espera,,,0,
005694,em_espera,,,0,
005695,em_espera,,,0,
005696,em_espera,,,0,
005697,em_espera,,,0,
005698,em_espera,,,0,
005699,em_espera,,,0,
005700,em_espera,,,0,
005701,em_espera,,,0,
005702,em_espera,,,0,
005703,em_espera,,,0,
005704,em_espera,,,0,
005705,em_espera,,,0,
005706,em_espera,,,0,
005707,em_espera,,,0,
005708,em_espera,,,0,
005709,em_espera,,,0,
005710,em_espera,,,0,
005711,em_espera,,,0,
005712,em_espera,,,0,
005713,em_espera,,,0,
005714,em_espera,,,0,
005715,em_espera,,,0,
005716,em_espera,,,0,
005717,em_espera,,,0,
005718,em_espera,,,0,
005719,em_espera,,,0,
005720,em_espera,,,0,
005721,em_espera,,,0,
005722,em_espera,,,0,
005723,em_espera,,,0,
005724,em_espera,,,0,
005725,em_espera,,,0,
005726,em_espera,,,0,
005727,em_espera,,,0,
005728,em_espera,,,0,
005729,em_espera,,,0,
005730,em_espera,,,0,
005731,em_espera,,,0,
005732,em_espera,,,0,
005733,em_espera,,,0,
005734,em_espera,,,0,
005735,em_espera,,,0,
005736,em_espera,,,0,
005737,em_espera,,,0,
005738,em_espera,,,0,
005739,em_espera,,,0,
005740,em_espera,,,0,
005741,em_espera,,,0,
005742,em_espera,,,0,
005743,em_espera,,,0,
005744,em_espera,,,0,
005745,em_espera,,,0,
005746,em_espera,,,0,
005747,em_espera,,,0,
005748,em_espera,,,0,
005749,em_espera,,,0,
005750,em_espera,,,0,
005751,em_espera,,,0,
005752,em_espera,,,0,
005753,em_espera,,,0,
005754,em_espera,,,0,
005755,em_espera,,,0,
005756,em_espera,,,0,
005757,em_espera,,,0,
005758,em_espera,,,0,
005759,em_espera,,,0,
005760,em_espera,,,0,
005761,em_espera,,,0,
005762,em_espera,,,0,
005763,em_espera,,,0,
005764,em_espera,,,0,
005765,em_espera,,,0,
005766,em_espera,,,0,
005767,em_espera,,,0,
005768,em_espera,,,0,
005769,em_espera,,,0,
005770,em_espera,,,0,
005771,em_espera,,,0,
005772,em_espera,,,0,
005773,em_espera,,,0,
005774,em_espera,,,0,
005775,em_espera,,,0,
005776,em_espera,,,0,
005777,em_espera,,,0,
005778,em_espera,,,0,
005779,em_espera,,,0,
005780,em_espera,,,0,
005781,em_espera,,,0,
005782,em_espera,,,0,
005783,em_espera,,,0,
005784,em_espera,,,0,
005785,em_espera,,,0,
005786,em_espera,,,0,
005787,em_espera,,,0,
005788,em_espera,,,0,
005789,em_espera,,,0,
005790,em_espera,,,0,
005791,em_espera,,,0,
005792,em_espera,,,0,
005793,em_espera,,,0,
005794,em_espera,,,0,
005795,em_espera,,,0,
005796,em_espera,,,0,
005797,em_espera,,,0,
005798,em_espera,,,0,
005799,em_espera,,,0,
005800,em_espera,,,0,
005801,em_espera,,,0,
005802,em_espera,,,0,
005803,em_espera,,,0,
005804,em_espera,,,0,
005805,em_espera,,,0,
005806,em_espera,,,0,
005807,em_espera,,,0,
005808,em_espera,,,0,
005809,em_espera,,,0,
005810,em_espera,,,0,
005811,em_espera,,,0,
005812,em_espera,,,0,
005813,em_espera,,,0,
005814,em_espera,,,0,
005815,em_espera,,,0,
005816,em_espera,,,0,
005817,em_espera,,,0,
005818,em_espera,,,0,
005819,em_espera,,,0,
005820,em_espera,,,0,
005821,em_espera,,,0,
005822,em_espera,,,0,
005823,em_espera,,,0,
005824,em_espera,,,0,
005825,em_espera,,,0,
005826,em_espera,,,0,
005827,em_espera,,,0,
005828,em_espera,,,0,
005829,em_espera,,,0,
005830,em_espera,,,0,
005831,em_espera,,,0,
005832,em_espera,,,0,
005833,em_espera,,,0,
005834,em_espera,,,0,
005835,em_espera,,,0,
005836,em_espera,,,0,
005837,em_espera,,,0,
005838,em_espera,,,0,
005839,em_espera,,,0,
005840,em_espera,,,0,
005841,em_espera,,,0,
005842,em_espera,,,0,
005843,em_espera,,,0,
005844,em_espera,,,0,
005845,em_espera,,,0,
005846,em_espera,,,0,
005847,em_espera,,,0,
005848,em_espera,,,0,
005849,em_espera,,,0,
005850,em_espera,,,0,
005851,em_espera,,,0,
005852,em_espera,,,0,
005853,em_espera,,,0,
005854,em_espera,,,0,
005855,em_espera,,,0,
005856,em_espera,,,0,
005857,em_espera,,,0,
005858,em_espera,,,0,
005859,em_espera,,,0,
005860,em_espera,,,0,
005861,em_espera,,,0,
005862,em_espera,,,0,
005863,em_espera,,,0,
005864,em_espera,,,0,
005865,em_espera,,,0,
005866,em_espera,,,0,
005867,em_espera,,,0,
005868,em_espera,,,0,
005869,em_espera,,,0,
005870,em_espera,,,0,
005871,em_espera,,,0,
005872,em_espera,,,0,
005873,em_espera,,,0,
005874,em_espera,,,0,
005875,em_espera,,,0,
005876,em_espera,,,0,
005877,em_espera,,,0,
005878,em_espera,,,0,
005879,em_espera,,,0,
005880,em_espera,,,0,
005881,em_espera,,,0,
005882,em_espera,,,0,
005883,em_espera,,,0,
005884,em_espera,,,0,
005885,em_espera,,,0,
005886,em_espera,,,0,
005887,em_espera,,,0,
005888,em_espera,,,0,
005889,em_espera,,,0,
005890,em_espera,,,0,
005891,em_espera,,,0,
005892,em_espera,,,0,
005893,em_espera,,,0,
005894,em_espera,,,0,
005895,em_espera,,,0,
005896,em_espera,,,0,
005897,em_espera,,,0,
005898,em_espera,,,0,
005899,em_espera,,,0,
005900,em_espera,,,0,
005901,em_espera,,,0,
005902,em_espera,,,0,
005903,em_espera,,,0,
005904,em_espera,,,0,
005905,em_espera,,,0,
005906,em_espera,,,0,
005907,em_espera,,,0,
005908,em_espera,,,0,
005909,em_espera,,,0,
005910,em_espera,,,0,
005911,em_espera,,,0,
005912,em_espera,,,0,
005913,em_espera,,,0,
005914,em_espera,,,0,
005915,em_espera,,,0,
005916,em_espera,,,0,
005917,em_espera,,,0,
005918,em_espera,,,0,
005919,em_espera,,,0,
005920,em_espera,,,0,
005921,em_espera,,,0,
005922,em_espera,,,0,
005923,em_espera,,,0,
005924,em_espera,,,0,
005925,em_espera,,,0,
005926,em_espera,,,0,
005927,em_espera,,,0,
005928,em_espera,,,0,
005929,em_espera,,,0,
005930,em_espera,,,0,
005931,em_espera,,,0,
005932,em_espera,,,0,
005933,em_espera,,,0,
005934,em_espera,,,0,
005935,em_espera,,,0,
005936,em_espera,,,0,
005937,em_espera,,,0,
005938,em_espera,,,0,
005939,em_espera,,,0,
005940,em_espera,,,0,
005941,em_espera,,,0,
005942,em_espera,,,0,
005943,em_espera,,,0,
005944,em_espera,,,0,
005945,em_espera,,,0,
005946,em_espera,,,0,
005947,em_espera,,,0,
005948,em_espera,,,0,
005949,em_espera,,,0,
005950,em_espera,,,0,
005951,em_espera,,,0,
005952,em_espera,,,0,
005953,em_espera,,,0,
005954,em_espera,,,0,
005955,em_espera,,,0,
005956,em_espera,,,0,
005957,em_espera,,,0,
005958,em_espera,,,0,
005959,em_espera,,,0,
005960,em_espera,,,0,
005961,em_espera,,,0,
005962,em_espera,,,0,
005963,em_espera,,,0,
005964,em_espera,,,0,
005965,em_espera,,,0,
005966,em_espera,,,0,
005967,em_espera,,,0,
005968,em_espera,,,0,
005969,em_espera,,,0,
005970,em_espera,,,0,
005971,em_espera,,,0,
005972,em_espera,,,0,
005973,em_espera,,,0,
005974,em_espera,,,0,
005975,em_espera,,,0,
005976,em_espera,,,0,
005977,em_espera,,,0,
005978,em_espera,,,0,
005979,em_espera,,,0,
005980,em_espera,,,0,
005981,em_espera,,,0,
005982,em_espera,,,0,
005983,em_espera,,,0,
005984,em_espera,,,0,
005985,em_espera,,,0,
005986,em_espera,,,0,
005987,em_espera,,,0,
005988,em_espera,,,0,
005989,em_espera,,,0,
005990,em_espera,,,0,
005991,em_espera,,,0,
005992,em_espera,,,0,
005993,em_espera,,,0,
005994,em_espera,,,0,
005995,em_espera,,,0,
005996,em_espera,,,0,
005997,em_espera,,,0,
005998,em_espera,,,0,
005999,em_espera,,,0,
006000,em_espera,,,0,
006001,em_espera,,,0,
006002,em_espera,,,0,
006003,em_espera,,,0,
006004,em_espera,,,0,
006005,em_espera,,,0,
006006,em_espera,,,0,
006007,em_espera,,,0,
006008,em_espera,,,0,
006009,em_espera,,,0,
006010,em_espera,,,0,
006011,em_espera,,,0,
006012,em_espera,,,0,
006013,em_espera,,,0,
006014,em_espera,,,0,
006015,em_espera,,,0,
006016,em_espera,,,0,
006017,em_espera,,,0,
006018,em_espera,,,0,
006019,em_espera,,,0,
006020,em_espera,,,0,
006021,em_espera,,,0,
006022,em_espera,,,0,
006023,em_espera,,,0,
006024,em_espera,,,0,
006025,em_espera,,,0,
006026,em_espera,,,0,
006027,em_espera,,,0,
006028,em_espera,,,0,
006029,em_espera,,,0,
006030,em_espera,,,0,
006031,em_espera,,,0,
006032,em_espera,,,0,
006033,em_espera,,,0,
006034,em_espera,,,0,
006035,em_espera,,,0,
006036,em_espera,,,0,
006037,em_espera,,,0,
006038,em_espera,,,0,
006039,em_espera,,,0,
006040,em_espera,,,0,
006041,em_espera,,,0,
006042,em_espera,,,0,
006043,em_espera,,,0,
006044,em_espera,,,0,
006045,em_espera,,,0,
006046,em_espera,,,0,
006047,em_espera,,,0,
006048,em_espera,,,0,
006049,em_espera,,,0,
006050,em_espera,,,0,
006051,em_espera,,,0,
006052,em_espera,,,0,
006053,em_espera,,,0,
006054,em_espera,,,0,
006055,em_espera,,,0,
006056,em_espera,,,0,
006057,em_espera,,,0,
006058,em_espera,,,0,
006059,em_espera,,,0,
006060,em_espera,,,0,
006061,em_espera,,,0,
006062,em_espera,,,0,
006063,em_espera,,,0,
006064,em_espera,,,0,
006065,em_espera,,,0,
006066,em_espera,,,0,
006067,em_espera,,,0,
006068,em_espera,,,0,
006069,em_espera,,,0,
006070,em_espera,,,0,
006071,em_espera,,,0,
006072,em_espera,,,0,
006073,em_espera,,,0,
006074,em_espera,,,0,
006075,em_espera,,,0,
006076,em_espera,,,0,
006077,em_espera,,,0,
006078,em_espera,,,0,
006079,em_espera,,,0,
006080,em_espera,,,0,
006081,em_espera,,,0,
006082,em_espera,,,0,
006083,em_espera,,,0,
006084,em_espera,,,0,
006085,em_espera,,,0,
006086,em_espera,,,0,
006087,em_espera,,,0,
006088,em_espera,,,0,
006089,em_espera,,,0,
006090,em_espera,,,0,
006091,em_espera,,,0,
006092,em_espera,,,0,
006093,em_espera,,,0,
006094,em_espera,,,0,
006095,em_espera,,,0,
006096,em_espera,,,0,
006097,em_espera,,,0,
006098,em_espera,,,0,
006099,em_espera,,,0,
006100,em_espera,,,0,
006101,em_espera,,,0,
006102,em_espera,,,0,
006103,em_espera,,,0,
006104,em_espera,,,0,
006105,em_espera,,,0,
006106,em_espera,,,0,
006107,em_espera,,,0,
006108,em_espera,,,0,
006109,em_espera,,,0,
006110,em_espera,,,0,
006111,em_espera,,,0,
006112,em_espera,,,0,
006113,em_espera,,,0,
006114,em_espera,,,0,
006115,em_espera,,,0,
006116,em_espera,,,0,
006117,em_espera,,,0,
006118,em_espera,,,0,
006119,em_espera,,,0,
006120,em_espera,,,0,
006121,em_espera,,,0,
006122,em_espera,,,0,
006123,em_espera,,,0,
006124,em_espera,,,0,
006125,em_espera,,,0,
006126,em_espera,,,0,
006127,em_espera,,,0,
006128,em_espera,,,0,
006129,em_espera,,,0,
006130,em_espera,,,0,
006131,em_espera,,,0,
006132,em_espera,,,0,
006133,em_espera,,,0,
006134,em_espera,,,0,
006135,em_espera,,,0,
006136,em_espera,,,0,
006137,em_espera,,,0,
006138,em_espera,,,0,
006139,em_espera,,,0,
006140,em_espera,,,0,
006141,em_espera,,,0,
006142,em_espera,,,0,
006143,em_espera,,,0,
006144,em_espera,,,0,
006145,em_espera,,,0,
006146,em_espera,,,0,
006147,em_espera,,,0,
006148,em_espera,,,0,
006149,em_espera,,,0,
006150,em_espera,,,0,
006151,em_espera,,,0,
006152,em_espera,,,0,
006153,em_espera,,,0,
006154,em_espera,,,0,
006155,em_espera,,,0,
006156,em_espera,,,0,
006157,em_espera,,,0,
006158,em_espera,,,0,
006159,em_espera,,,0,
006160,em_espera,,,0,
006161,em_espera,,,0,
006162,em_espera,,,0,
006163,em_espera,,,0,
006164,em_espera,,,0,
006165,em_espera,,,0,
006166,em_espera,,,0,
006167,em_espera,,,0,
006168,em_espera,,,0,
006169,em_espera,,,0,
006170,em_espera,,,0,
006171,em_espera,,,0,
006172,em_espera,,,0,
006173,em_espera,,,0,
006174,em_espera,,,0,
006175,em_espera,,,0,
006176,em_espera,,,0,
006177,em_espera,,,0,
006178,em_espera,,,0,
006179,em_espera,,,0,
006180,em_espera,,,0,
006181,em_espera,,,0,
006182,em_espera,,,0,
006183,em_espera,,,0,
006184,em_espera,,,0,
006185,em_espera,,,0,
006186,em_espera,,,0,
006187,em_espera,,,0,
006188,em_espera,,,0,
006189,em_espera,,,0,
006190,em_espera,,,0,
006191,em_espera,,,0,
006192,em_espera,,,0,
006193,em_espera,,,0,
006194,em_espera,,,0,
006195,em_espera,,,0,
006196,em_espera,,,0,
006197,em_espera,,,0,
006198,em_espera,,,0,
006199,em_espera,,,0,
006200,em_espera,,,0,
006201,em_espera,,,0,
006202,em_espera,,,0,
006203,em_espera,,,0,
006204,em_espera,,,0,
006205,em_espera,,,0,
006206,em_espera,,,0,
006207,em_espera,,,0,
006208,em_espera,,,0,
006209,em_espera,,,0,
006210,em_espera,,,0,
006211,em_espera,,,0,
006212,em_espera,,,0,
006213,em_espera,,,0,
006214,em_espera,,,0,
006215,em_espera,,,0,
006216,em_espera,,,0,
006217,em_espera,,,0,
006218,em_espera,,,0,
006219,em_espera,,,0,
006220,em_espera,,,0,
006221,em_espera,,,0,
006222,em_espera,,,0,
006223,em_espera,,,0,
006224,em_espera,,,0,
006225,em_espera,,,0,
006226,em_espera,,,0,
006227,em_espera,,,0,
006228,em_espera,,,0,
006229,em_espera,,,0,
006230,em_espera,,,0,
006231,em_espera,,,0,
006232,em_espera,,,0,
006233,em_espera,,,0,
006234,em_espera,,,0,
006235,em_espera,,,0,
006236,em_espera,,,0,
006237,em_espera,,,0,
006238,em_espera,,,0,
006239,em_espera,,,0,
006240,em_espera,,,0,
006241,em_espera,,,0,
006242,em_espera,,,0,
006243,em_espera,,,0,
006244,em_espera,,,0,
006245,em_espera,,,0,
006246,em_espera,,,0,
006247,em_espera,,,0,
006248,em_espera,,,0,
006249,em_espera,,,0,
006250,em_espera,,,0,
006251,em_espera,,,0,
006252,em_espera,,,0,
006253,em_espera,,,0,
006254,em_espera,,,0,
006255,em_espera,,,0,
006256,em_espera,,,0,
006257,em_espera,,,0,
006258,em_espera,,,0,
006259,em_espera,,,0,
006260,em_espera,,,0,
006261,em_espera,,,0,
006262,em_espera,,,0,
006263,em_espera,,,0,
006264,em_espera,,,0,
006265,em_espera,,,0,
006266,em_espera,,,0,
006267,em_espera,,,0,
006268,em_espera,,,0,
006269,em_espera,,,0,
006270,em_espera,,,0,
006271,em_espera,,,0,
006272,em_espera,,,0,
006273,em_espera,,,0,
006274,em_espera,,,0,
006275,em_espera,,,0,
006276,em_espera,,,0,
006277,em_espera,,,0,
006278,em_espera,,,0,
006279,em_espera,,,0,
006280,em_espera,,,0,
006281,em_espera,,,0,
006282,em_espera,,,0,
006283,em_espera,,,0,
006284,em_espera,,,0,
006285,em_espera,,,0,
006286,em_espera,,,0,
006287,em_espera,,,0,
006288,em_espera,,,0,
006289,em_espera,,,0,
006290,em_espera,,,0,
006291,em_espera,,,0,
006292,em_espera,,,0,
006293,em_espera,,,0,
006294,em_espera,,,0,
006295,em_espera,,,0,
006296,em_espera,,,0,
006297,em_espera,,,0,
006298,em_espera,,,0,
006299,em_espera,,,0,
006300,em_espera,,,0,
006301,em_espera,,,0,
006302,em_espera,,,0,
006303,em_espera,,,0,
006304,em_espera,,,0,
006305,em_espera,,,0,
006306,em_espera,,,0,
006307,em_espera,,,0,
006308,em_espera,,,0,
006309,em_espera,,,0,
006310,em_espera,,,0,
006311,em_espera,,,0,
006312,em_espera,,,0,
006313,em_espera,,,0,
006314,em_espera,,,0,
006315,em_espera,,,0,
006316,em_espera,,,0,
006317,em_espera,,,0,
006318,em_espera,,,0,
006319,em_espera,,,0,
006320,em_espera,,,0,
006321,em_espera,,,0,
006322,em_espera,,,0,
006323,em_espera,,,0,
006324,em_espera,,,0,
006325,em_espera,,,0,
006326,em_espera,,,0,
006327,em_espera,,,0,
006328,em_espera,,,0,
006329,em_espera,,,0,
006330,em_espera,,,0,
006331,em_espera,,,0,
006332,em_espera,,,0,
006333,em_espera,,,0,
006334,em_espera,,,0,
006335,em_espera,,,0,
006336,em_espera,,,0,
006337,em_espera,,,0,
006338,em_espera,,,0,
006339,em_espera,,,0,
006340,em_espera,,,0,
006341,em_espera,,,0,
006342,em_espera,,,0,
006343,em_espera,,,0,
006344,em_espera,,,0,
006345,em_espera,,,0,
006346,em_espera,,,0,
006347,em_espera,,,0,
006348,em_espera,,,0,
006349,em_espera,,,0,
006350,em_espera,,,0,
006351,em_espera,,,0,
006352,em_espera,,,0,
006353,em_espera,,,0,
006354,em_espera,,,0,
006355,em_espera,,,0,
006356,em_espera,,,0,
006357,em_espera,,,0,
006358,em_espera,,,0,
006359,em_espera,,,0,
006360,em_espera,,,0,
006361,em_espera,,,0,
006362,em_espera,,,0,
006363,em_espera,,,0,
006364,em_espera,,,0,
006365,em_espera,,,0,
006366,em_espera,,,0,
006367,em_espera,,,0,
006368,em_espera,,,0,
006369,em_espera,,,0,
006370,em_espera,,,0,
006371,em_espera,,,0,
006372,em_espera,,,0,
006373,em_espera,,,0,
006374,em_espera,,,0,
006375,em_espera,,,0,
006376,em_espera,,,0,
006377,em_espera,,,0,
006378,em_espera,,,0,
006379,em_espera,,,0,
006380,em_espera,,,0,
006381,em_espera,,,0,
006382,em_espera,,,0,
006383,em_espera,,,0,
006384,em_espera,,,0,
006385,em_espera,,,0,
006386,em_espera,,,0,
006387,em_espera,,,0,
006388,em_espera,,,0,
006389,em_espera,,,0,
006390,em_espera,,,0,
006391,em_espera,,,0,
006392,em_espera,,,0,
006393,em_espera,,,0,
006394,em_espera,,,0,
006395,em_espera,,,0,
006396,em_espera,,,0,
006397,em_espera,,,0,
006398,em_espera,,,0,
006399,em_espera,,,0,
006400,em_espera,,,0,
006401,em_espera,,,0,
006402,em_espera,,,0,
006403,em_espera,,,0,
006404,em_espera,,,0,
006405,em_espera,,,0,
006406,em_espera,,,0,
006407,em_espera,,,0,
006408,em_espera,,,0,
006409,em_espera,,,0,
006410,em_espera,,,0,
006411,em_espera,,,0,
006412,em_espera,,,0,
006413,em_espera,,,0,
006414,em_espera,,,0,
006415,em_espera,,,0,
006416,em_espera,,,0,
006417,em_espera,,,0,
006418,em_espera,,,0,
006419,em_espera,,,0,
006420,em_espera,,,0,
006421,em_espera,,,0,
006422,em_espera,,,0,
006423,em_espera,,,0,
006424,em_espera,,,0,
006425,em_espera,,,0,
006426,em_espera,,,0,
006427,em_espera,,,0,
006428,em_espera,,,0,
006429,em_espera,,,0,
006430,em_espera,,,0,
006431,em_espera,,,0,
006432,em_espera,,,0,
006433,em_espera,,,0,
006434,em_espera,,,0,
006435,em_espera,,,0,
006436,em_espera,,,0,
006437,em_espera,,,0,
006438,em_espera,,,0,
006439,em_espera,,,0,
006440,em_espera,,,0,
006441,em_espera,,,0,
006442,em_espera,,,0,
006443,em_espera,,,0,
006444,em_espera,,,0,
006445,em_espera,,,0,
006446,em_espera,,,0,
006447,em_espera,,,0,
006448,em_espera,,,0,
006449,em_espera,,,0,
006450,em_espera,,,0,
006451,em_espera,,,0,
006452,em_espera,,,0,
006453,em_espera,,,0,
006454,em_espera,,,0,
006455,em_espera,,,0,
006456,em_espera,,,0,
006457,em_espera,,,0,
006458,em_espera,,,0,
006459,em_espera,,,0,
006460,em_espera,,,0,
006461,em_espera,,,0,
006462,em_espera,,,0,
006463,em_espera,,,0,
006464,em_espera,,,0,
006465,em_espera,,,0,
006466,em_espera,,,0,
006467,em_espera,,,0,
006468,em_espera,,,0,
006469,em_espera,,,0,
006470,em_espera,,,0,
006471,em_espera,,,0,
006472,em_espera,,,0,
006473,em_espera,,,0,
006474,em_espera,,,0,
006475,em_espera,,,0,
006476,em_espera,,,0,
006477,em_espera,,,0,
006478,em_espera,,,0,
006479,em_espera,,,0,
006480,em_espera,,,0,
006481,em_espera,,,0,
006482,em_espera,,,0,
006483,em_espera,,,0,
006484,em_espera,,,0,
006485,em_espera,,,0,
006486,em_espera,,,0,
006487,em_espera,,,0,
006488,em_espera,,,0,
006489,em_espera,,,0,
006490,em_espera,,,0,
006491,em_espera,,,0,
006492,em_espera,,,0,
006493,em_espera,,,0,
006494,em_espera,,,0,
006495,em_espera,,,0,
006496,em_espera,,,0,
006497,em_espera,,,0,
006498,em_espera,,,0,
006499,em_espera,,,0,
006500,em_espera,,,0,
006501,em_espera,,,0,
006502,em_espera,,,0,
006503,em_espera,,,0,
006504,em_espera,,,0,
006505,em_espera,,,0,
006506,em_espera,,,0,
006507,em_espera,,,0,
006508,em_espera,,,0,
006509,em_espera,,,0,
006510,em_espera,,,0,
006511,em_espera,,,0,
006512,em_espera,,,0,
006513,em_espera,,,0,
006514,em_espera,,,0,
006515,em_espera,,,0,
006516,em_espera,,,0,
006517,em_espera,,,0,
006518,em_espera,,,0,
006519,em_espera,,,0,
006520,em_espera,,,0,
006521,em_espera,,,0,
006522,em_espera,,,0,
006523,em_espera,,,0,
006524,em_espera,,,0,
006525,em_espera,,,0,
006526,em_espera,,,0,
006527,em_espera,,,0,
006528,em_espera,,,0,
006529,em_espera,,,0,
006530,em_espera,,,0,
006531,em_espera,,,0,
006532,em_espera,,,0,
006533,em_espera,,,0,
006534,em_espera,,,0,
006535,em_espera,,,0,
006536,em_espera,,,0,
006537,em_espera,,,0,
006538,em_espera,,,0,
006539,em_espera,,,0,
006540,em_espera,,,0,
006541,em_espera,,,0,
006542,em_espera,,,0,
006543,em_espera,,,0,
006544,em_espera,,,0,
006545,em_espera,,,0,
006546,em_espera,,,0,
006547,em_espera,,,0,
006548,em_espera,,,0,
006549,em_espera,,,0,
006550,em_espera,,,0,
006551,em_espera,,,0,
006552,em_espera,,,0,
006553,em_espera,,,0,
006554,em_espera,,,0,
006555,em_espera,,,0,
006556,em_espera,,,0,
006557,em_espera,,,0,
006558,em_espera,,,0,
006559,em_espera,,,0,
006560,em_espera,,,0,
006561,em_espera,,,0,
006562,em_espera,,,0,
006563,em_espera,,,0,
006564,em_espera,,,0,
006565,em_espera,,,0,
006566,em_espera,,,0,
006567,em_espera,,,0,
006568,em_espera,,,0,
006569,em_espera,,,0,
006570,em_espera,,,0,
006571,em_espera,,,0,
006572,em_espera,,,0,
006573,em_espera,,,0,
006574,em_espera,,,0,
006575,em_espera,,,0,
006576,em_espera,,,0,
006577,em_espera,,,0,
006578,em_espera,,,0,
006579,em_espera,,,0,
006580,em_espera,,,0,
006581,em_espera,,,0,
006582,em_espera,,,0,
006583,em_espera,,,0,
006584,em_espera,,,0,
006585,em_espera,,,0,
006586,em_espera,,,0,
006587,em_espera,,,0,
006588,em_espera,,,0,
006589,em_espera,,,0,
006590,em_espera,,,0,
006591,em_espera,,,0,
006592,em_espera,,,0,
006593,em_espera,,,0,
006594,em_espera,,,0,
006595,em_espera,,,0,
006596,em_espera,,,0,
006597,em_espera,,,0,
006598,em_espera,,,0,
006599,em_espera,,,0,
006600,em_espera,,,0,
006601,em_espera,,,0,
006602,em_espera,,,0,
006603,em_espera,,,0,
006604,em_espera,,,0,
006605,em_espera,,,0,
006606,em_espera,,,0,
006607,em_espera,,,0,
006608,em_espera,,,0,
006609,em_espera,,,0,
006610,em_espera,,,0,
006611,em_espera,,,0,
006612,em_espera,,,0,
006613,em_espera,,,0,
006614,em_espera,,,0,
006615,em_espera,,,0,
006616,em_espera,,,0,
006617,em_espera,,,0,
006618,em_espera,,,0,
006619,em_espera,,,0,
006620,em_espera,,,0,
006621,em_espera,,,0,
006622,em_espera,,,0,
006623,em_espera,,,0,
006624,em_espera,,,0,
006625,em_espera,,,0,
006626,em_espera,,,0,
006627,em_espera,,,0,
006628,em_espera,,,0,
006629,em_espera,,,0,
006630,em_espera,,,0,
006631,em_espera,,,0,
006632,em_espera,,,0,
006633,em_espera,,,0,
006634,em_espera,,,0,
006635,em_espera,,,0,
006636,em_espera,,,0,
006637,em_espera,,,0,
006638,em_espera,,,0,
006639,em_espera,,,0,
006640,em_espera,,,0,
006641,em_espera,,,0,
006642,em_espera,,,0,
006643,em_espera,,,0,
006644,em_espera,,,0,
006645,em_espera,,,0,
006646,em_espera,,,0,
006647,em_espera,,,0,
006648,em_espera,,,0,
006649,em_espera,,,0,
006650,em_espera,,,0,
006651,em_espera,,,0,
006652,em_espera,,,0,
006653,em_espera,,,0,
006654,em_espera,,,0,
006655,em_espera,,,0,
006656,em_espera,,,0,
006657,em_espera,,,0,
006658,em_espera,,,0,
006659,em_espera,,,0,
006660,em_espera,,,0,
006661,em_espera,,,0,
006662,em_espera,,,0,
006663,em_espera,,,0,
006664,em_espera,,,0,
006665,em_espera,,,0,
006666,em_espera,,,0,
006667,em_espera,,,0,
006668,em_espera,,,0,
006669,em_espera,,,0,
006670,em_espera,,,0,
006671,em_espera,,,0,
006672,em_espera,,,0,
006673,em_espera,,,0,
006674,em_espera,,,0,
006675,em_espera,,,0,
006676,em_espera,,,0,
006677,em_espera,,,0,
006678,em_espera,,,0,
006679,em_espera,,,0,
006680,em_espera,,,0,
006681,em_espera,,,0,
006682,em_espera,,,0,
006683,em_espera,,,0,
006684,em_espera,,,0,
006685,em_espera,,,0,
006686,em_espera,,,0,
006687,em_espera,,,0,
006688,em_espera,,,0,
006689,em_espera,,,0,
006690,em_espera,,,0,
006691,em_espera,,,0,
006692,em_espera,,,0,
006693,em_espera,,,0,
006694,em_espera,,,0,
006695,em_espera,,,0,
006696,em_espera,,,0,
006697,em_espera,,,0,
006698,em_espera,,,0,
006699,em_espera,,,0,
006700,em_espera,,,0,
006701,em_espera,,,0,
006702,em_espera,,,0,
006703,em_espera,,,0,
006704,em_espera,,,0,
006705,em_espera,,,0,
006706,em_espera,,,0,
006707,em_espera,,,0,
006708,em_espera,,,0,
006709,em_espera,,,0,
006710,em_espera,,,0,
006711,em_espera,,,0,
006712,em_espera,,,0,
006713,em_espera,,,0,
006714,em_espera,,,0,
006715,em_espera,,,0,
006716,em_espera,,,0,
006717,em_espera,,,0,
006718,em_espera,,,0,
006719,em_espera,,,0,
006720,em_espera,,,0,
006721,em_espera,,,0,
006722,em_espera,,,0,
006723,em_espera,,,0,
006724,em_espera,,,0,
006725,em_espera,,,0,
006726,em_espera,,,0,
006727,em_espera,,,0,
006728,em_espera,,,0,
006729,em_espera,,,0,
006730,em_espera,,,0,
006731,em_espera,,,0,
006732,em_espera,,,0,
006733,em_espera,,,0,
006734,em_espera,,,0,
006735,em_espera,,,0,
006736,em_espera,,,0,
006737,em_espera,,,0,
006738,em_espera,,,0,
006739,em_espera,,,0,
006740,em_espera,,,0,
006741,em_espera,,,0,
006742,em_espera,,,0,
006743,em_espera,,,0,
006744,em_espera,,,0,
006745,em_espera,,,0,
006746,em_espera,,,0,
006747,em_espera,,,0,
006748,em_espera,,,0,
006749,em_espera,,,0,
006750,em_espera,,,0,
006751,em_espera,,,0,
006752,em_espera,,,0,
006753,em_espera,,,0,
006754,em_espera,,,0,
006755,em_espera,,,0,
006756,em_espera,,,0,
006757,em_espera,,,0,
006758,em_espera,,,0,
006759,em_espera,,,0,
006760,em_espera,,,0,
006761,em_espera,,,0,
006762,em_espera,,,0,
006763,em_espera,,,0,
006764,em_espera,,,0,
006765,em_espera,,,0,
006766,em_espera,,,0,
006767,em_espera,,,0,
006768,em_espera,,,0,
006769,em_espera,,,0,
006770,em_espera,,,0,
006771,em_espera,,,0,
006772,em_espera,,,0,
006773,em_espera,,,0,
006774,em_espera,,,0,
006775,em_espera,,,0,
006776,em_espera,,,0,
006777,em_espera,,,0,
006778,em_espera,,,0,
006779,em_espera,,,0,
006780,em_espera,,,0,
006781,em_espera,,,0,
006782,em_espera,,,0,
006783,em_espera,,,0,
006784,em_espera,,,0,
006785,em_espera,,,0,
006786,em_espera,,,0,
006787,em_espera,,,0,
006788,em_espera,,,0,
006789,em_espera,,,0,
006790,em_espera,,,0,
006791,em_espera,,,0,
006792,em_espera,,,0,
006793,em_espera,,,0,
006794,em_espera,,,0,
006795,em_espera,,,0,
006796,em_espera,,,0,
006797,em_espera,,,0,
006798,em_espera,,,0,
006799,em_espera,,,0,
006800,em_espera,,,0,
006801,em_espera,,,0,
006802,em_espera,,,0,
006803,em_espera,,,0,
006804,em_espera,,,0,
006805,em_espera,,,0,
006806,em_espera,,,0,
006807,em_espera,,,0,
006808,em_espera,,,0,
006809,em_espera,,,0,
006810,em_espera,,,0,
006811,em_espera,,,0,
006812,em_espera,,,0,
006813,em_espera,,,0,
006814,em_espera,,,0,
006815,em_espera,,,0,
006816,em_espera,,,0,
006817,em_espera,,,0,
006818,em_espera,,,0,
006819,em_espera,,,0,
006820,em_espera,,,0,
006821,em_espera,,,0,
006822,em_espera,,,0,
006823,em_espera,,,0,
006824,em_espera,,,0,
006825,em_espera,,,0,
006826,em_espera,,,0,
006827,em_espera,,,0,
006828,em_espera,,,0,
006829,em_espera,,,0,
006830,em_espera,,,0,
006831,em_espera,,,0,
006832,em_espera,,,0,
006833,em_espera,,,0,
006834,em_espera,,,0,
006835,em_espera,,,0,
006836,em_espera,,,0,
006837,em_espera,,,0,
006838,em_espera,,,0,
006839,em_espera,,,0,
006840,em_espera,,,0,
006841,em_espera,,,0,
006842,em_espera,,,0,
006843,em_espera,,,0,
006844,em_espera,,,0,
006845,em_espera,,,0,
006846,em_espera,,,0,
006847,em_espera,,,0,
006848,em_espera,,,0,
006849,em_espera,,,0,
006850,em_espera,,,0,
006851,em_espera,,,0,
006852,em_espera,,,0,
006853,em_espera,,,0,
006854,em_espera,,,0,
006855,em_espera,,,0,
006856,em_espera,,,0,
006857,em_espera,,,0,
006858,em_espera,,,0,
006859,em_espera,,,0,
006860,em_espera,,,0,
006861,em_espera,,,0,
006862,em_espera,,,0,
006863,em_espera,,,0,
006864,em_espera,,,0,
006865,em_espera,,,0,
006866,em_espera,,,0,
006867,em_espera,,,0,
006868,em_espera,,,0,
006869,em_espera,,,0,
006870,em_espera,,,0,
006871,em_espera,,,0,
006872,em_espera,,,0,
006873,em_espera,,,0,
006874,em_espera,,,0,
006875,em_espera,,,0,
006876,em_espera,,,0,
006877,em_espera,,,0,
006878,em_espera,,,0,
006879,em_espera,,,0,
006880,em_espera,,,0,
006881,em_espera,,,0,
006882,em_espera,,,0,
006883,em_espera,,,0,
006884,em_espera,,,0,
006885,em_espera,,,0,
006886,em_espera,,,0,
006887,em_espera,,,0,
006888,em_espera,,,0,
006889,em_espera,,,0,
006890,em_espera,,,0,
006891,em_espera,,,0,
006892,em_espera,,,0,
006893,em_espera,,,0,
006894,em_espera,,,0,
006895,em_espera,,,0,
006896,em_espera,,,0,
006897,em_espera,,,0,
006898,em_espera,,,0,
006899,em_espera,,,0,
006900,em_espera,,,0,
006901,em_espera,,,0,
006902,em_espera,,,0,
006903,em_espera,,,0,
006904,em_espera,,,0,
006905,em_espera,,,0,
006906,em_espera,,,0,
006907,em_espera,,,0,
006908,em_espera,,,0,
006909,em_espera,,,0,
006910,em_espera,,,0,
006911,em_espera,,,0,
006912,em_espera,,,0,
006913,em_espera,,,0,
006914,em_espera,,,0,
006915,em_espera,,,0,
006916,em_espera,,,0,
006917,em_espera,,,0,
006918,em_espera,,,0,
006919,em_espera,,,0,
006920,em_espera,,,0,
006921,em_espera,,,0,
006922,em_espera,,,0,
006923,em_espera,,,0,
006924,em_espera,,,0,
006925,em_espera,,,0,
006926,em_espera,,,0,
006927,em_espera,,,0,
006928,em_espera,,,0,
006929,em_espera,,,0,
006930,em_espera,,,0,
006931,em_espera,,,0,
006932,em_espera,,,0,
006933,em_espera,,,0,
006934,em_espera,,,0,
006935,em_espera,,,0,
006936,em_espera,,,0,
006937,em_espera,,,0,
006938,em_espera,,,0,
006939,em_espera,,,0,
006940,em_espera,,,0,
006941,em_espera,,,0,
006942,em_espera,,,0,
006943,em_espera,,,0,
006944,em_espera,,,0,
006945,em_espera,,,0,
006946,em_espera,,,0,
006947,em_espera,,,0,
006948,em_espera,,,0,
006949,em_espera,,,0,
006950,em_espera,,,0,
006951,em_espera,,,0,
006952,em_espera,,,0,
006953,em_espera,,,0,
006954,em_espera,,,0,
006955,em_espera,,,0,
006956,em_espera,,,0,
006957,em_espera,,,0,
006958,em_espera,,,0,
006959,em_espera,,,0,
006960,em_espera,,,0,
006961,em_espera,,,0,
006962,em_espera,,,0,
006963,em_espera,,,0,
006964,em_espera,,,0,
006965,em_espera,,,0,
006966,em_espera,,,0,
006967,em_espera,,,0,
006968,em_espera,,,0,
006969,em_espera,,,0,
006970,em_espera,,,0,
006971,em_espera,,,0,
006972,em_espera,,,0,
006973,em_espera,,,0,
006974,em_espera,,,0,
006975,em_espera,,,0,
006976,em_espera,,,0,
006977,em_espera,,,0,
006978,em_espera,,,0,
006979,em_espera,,,0,
006980,em_espera,,,0,
006981,em_espera,,,0,
006982,em_espera,,,0,
006983,em_espera,,,0,
006984,em_espera,,,0,
006985,em_espera,,,0,
006986,em_espera,,,0,
006987,em_espera,,,0,
006988,em_espera,,,0,
006989,em_espera,,,0,
006990,em_espera,,,0,
006991,em_espera,,,0,
006992,em_espera,,,0,
006993,em_espera,,,0,
006994,em_espera,,,0,
006995,em_espera,,,0,
006996,em_espera,,,0,
006997,em_espera,,,0,
006998,em_espera,,,0,
006999,em_espera,,,0,
007000,em_espera,,,0,
007001,em_espera,,,0,
007002,em_espera,,,0,
007003,em_espera,,,0,
007004,em_espera,,,0,
007005,em_espera,,,0,
007006,em_espera,,,0,
007007,em_espera,,,0,
007008,em_espera,,,0,
007009,em_espera,,,0,
007010,em_espera,,,0,
007011,em_espera,,,0,
007012,em_espera,,,0,
007013,em_espera,,,0,
007014,em_espera,,,0,
007015,em_espera,,,0,
007016,em_espera,,,0,
007017,em_espera,,,0,
007018,em_espera,,,0,
007019,em_espera,,,0,
007020,em_espera,,,0,
007021,em_espera,,,0,
007022,em_espera,,,0,
007023,em_espera,,,0,
007024,em_espera,,,0,
007025,em_espera,,,0,
007026,em_espera,,,0,
007027,em_espera,,,0,
007028,em_espera,,,0,
007029,em_espera,,,0,
007030,em_espera,,,0,
007031,em_espera,,,0,
007032,em_espera,,,0,
007033,em_espera,,,0,
007034,em_espera,,,0,
007035,em_espera,,,0,
007036,em_espera,,,0,
007037,em_espera,,,0,
007038,em_espera,,,0,
007039,em_espera,,,0,
007040,em_espera,,,0,
007041,em_espera,,,0,
007042,em_espera,,,0,
007043,em_espera,,,0,
007044,em_espera,,,0,
007045,em_espera,,,0,
007046,em_espera,,,0,
007047,em_espera,,,0,
007048,em_espera,,,0,
007049,em_espera,,,0,
007050,em_espera,,,0,
007051,em_espera,,,0,
007052,em_espera,,,0,
007053,em_espera,,,0,
007054,em_espera,,,0,
007055,em_espera,,,0,
007056,em_espera,,,0,
007057,em_espera,,,0,
007058,em_espera,,,0,
007059,em_espera,,,0,
007060,em_espera,,,0,
007061,em_espera,,,0,
007062,em_espera,,,0,
007063,em_espera,,,0,
007064,em_espera,,,0,
007065,em_espera,,,0,
007066,em_espera,,,0,
007067,em_espera,,,0,
007068,em_espera,,,0,
007069,em_espera,,,0,
007070,em_espera,,,0,
007071,em_espera,,,0,
007072,em_espera,,,0,
007073,em_espera,,,0,
007074,em_espera,,,0,
007075,em_espera,,,0,
007076,em_espera,,,0,
007077,em_espera,,,0,
007078,em_espera,,,0,
007079,em_espera,,,0,
007080,em_espera,,,0,
007081,em_espera,,,0,
007082,em_espera,,,0,
007083,em_espera,,,0,
007084,em_espera,,,0,
007085,em_espera,,,0,
007086,em_espera,,,0,
007087,em_espera,,,0,
007088,em_espera,,,0,
007089,em_espera,,,0,
007090,em_espera,,,0,
007091,em_espera,,,0,
007092,em_espera,,,0,
007093,em_espera,,,0,
007094,em_espera,,,0,
007095,em_espera,,,0,
007096,em_espera,,,0,
007097,em_espera,,,0,
007098,em_espera,,,0,
007099,em_espera,,,0,
007100,em_espera,,,0,
007101,em_espera,,,0,
007102,em_espera,,,0,
007103,em_espera,,,0,
007104,em_espera,,,0,
007105,em_espera,,,0,
007106,em_espera,,,0,
007107,em_espera,,,0,
007108,em_espera,,,0,
007109,em_espera,,,0,
007110,em_espera,,,0,
007111,em_espera,,,0,
007112,em_espera,,,0,
007113,em_espera,,,0,
007114,em_espera,,,0,
007115,em_espera,,,0,
007116,em_espera,,,0,
007117,em_espera,,,0,
007118,em_espera,,,0,
007119,em_espera,,,0,
007120,em_espera,,,0,
007121,em_espera,,,0,
007122,em_espera,,,0,
007123,em_espera,,,0,
007124,em_espera,,,0,
007125,em_espera,,,0,
007126,em_espera,,,0,
007127,em_espera,,,0,
007128,em_espera,,,0,
007129,em_espera,,,0,
007130,em_espera,,,0,
007131,em_espera,,,0,
007132,em_espera,,,0,
007133,em_espera,,,0,
007134,em_espera,,,0,
007135,em_espera,,,0,
007136,em_espera,,,0,
007137,em_espera,,,0,
007138,em_espera,,,0,
007139,em_espera,,,0,
007140,em_espera,,,0,
007141,em_espera,,,0,
007142,em_espera,,,0,
007143,em_espera,,,0,
007144,em_espera,,,0,
007145,em_espera,,,0,
007146,em_espera,,,0,
007147,em_espera,,,0,
007148,em_espera,,,0,
007149,em_espera,,,0,
007150,em_espera,,,0,
007151,em_espera,,,0,
007152,em_espera,,,0,
007153,em_espera,,,0,
007154,em_espera,,,0,
007155,em_espera,,,0,
007156,em_espera,,,0,
007157,em_espera,,,0,
007158,em_espera,,,0,
007159,em_espera,,,0,
007160,em_espera,,,0,
007161,em_espera,,,0,
007162,em_espera,,,0,
007163,em_espera,,,0,
007164,em_espera,,,0,
007165,em_espera,,,0,
007166,em_espera,,,0,
007167,em_espera,,,0,
007168,em_espera,,,0,
007169,em_espera,,,0,
007170,em_espera,,,0,
007171,em_espera,,,0,
007172,em_espera,,,0,
007173,em_espera,,,0,
007174,em_espera,,,0,
007175,em_espera,,,0,
007176,em_espera,,,0,
007177,em_espera,,,0,
007178,em_espera,,,0,
007179,em_espera,,,0,
007180,em_espera,,,0,
007181,em_espera,,,0,
007182,em_espera,,,0,
007183,em_espera,,,0,
007184,em_espera,,,0,
007185,em_espera,,,0,
007186,em_espera,,,0,
007187,em_espera,,,0,
007188,em_espera,,,0,
007189,em_espera,,,0,
007190,em_espera,,,0,
007191,em_espera,,,0,
007192,em_espera,,,0,
007193,em_espera,,,0,
007194,em_espera,,,0,
007195,em_espera,,,0,
007196,em_espera,,,0,
007197,em_espera,,,0,
007198,em_espera,,,0,
007199,em_espera,,,0,
007200,em_espera,,,0,
007201,em_espera,,,0,
007202,em_espera,,,0,
007203,em_espera,,,0,
007204,em_espera,,,0,
007205,em_espera,,,0,
007206,em_espera,,,0,
007207,em_espera,,,0,
007208,em_espera,,,0,
007209,em_espera,,,0,
007210,em_espera,,,0,
007211,em_espera,,,0,
007212,em_espera,,,0,
007213,em_espera,,,0,
007214,em_espera,,,0,
007215,em_espera,,,0,
007216,em_espera,,,0,
007217,em_espera,,,0,
007218,em_espera,,,0,
007219,em_espera,,,0,
007220,em_espera,,,0,
007221,em_espera,,,0,
007222,em_espera,,,0,
007223,em_espera,,,0,
007224,em_espera,,,0,
007225,em_espera,,,0,
007226,em_espera,,,0,
007227,em_espera,,,0,
007228,em_espera,,,0,
007229,em_espera,,,0,
007230,em_espera,,,0,
007231,em_espera,,,0,
007232,em_espera,,,0,
007233,em_espera,,,0,
007234,em_espera,,,0,
007235,em_espera,,,0,
007236,em_espera,,,0,
007237,em_espera,,,0,
007238,em_espera,,,0,
007239,em_espera,,,0,
007240,em_espera,,,0,
007241,em_espera,,,0,
007242,em_espera,,,0,
007243,em_espera,,,0,
007244,em_espera,,,0,
007245,em_espera,,,0,
007246,em_espera,,,0,
007247,em_espera,,,0,
007248,em_espera,,,0,
007249,em_espera,,,0,
007250,em_espera,,,0,
007251,em_espera,,,0,
007252,em_espera,,,0,
007253,em_espera,,,0,
007254,em_espera,,,0,
007255,em_espera,,,0,
007256,em_espera,,,0,
007257,em_espera,,,0,
007258,em_espera,,,0,
007259,em_espera,,,0,
007260,em_espera,,,0,
007261,em_espera,,,0,
007262,em_espera,,,0,
007263,em_espera,,,0,
007264,em_espera,,,0,
007265,em_espera,,,0,
007266,em_espera,,,0,
007267,em_espera,,,0,
007268,em_espera,,,0,
007269,em_espera,,,0,
007270,em_espera,,,0,
007271,em_espera,,,0,
007272,em_espera,,,0,
007273,em_espera,,,0,
007274,em_espera,,,0,
007275,em_espera,,,0,
007276,em_espera,,,0,
007277,em_espera,,,0,
007278,em_espera,,,0,
007279,em_espera,,,0,
007280,em_espera,,,0,
007281,em_espera,,,0,
007282,em_espera,,,0,
007283,em_espera,,,0,
007284,em_espera,,,0,
007285,em_espera,,,0,
007286,em_espera,,,0,
007287,em_espera,,,0,
007288,em_espera,,,0,
007289,em_espera,,,0,
007290,em_espera,,,0,
007291,em_espera,,,0,
007292,em_espera,,,0,
007293,em_espera,,,0,
007294,em_espera,,,0,
007295,em_espera,,,0,
007296,em_espera,,,0,
007297,em_espera,,,0,
007298,em_espera,,,0,
007299,em_espera,,,0,
007300,em_espera,,,0,
007301,em_espera,,,0,
007302,em_espera,,,0,
007303,em_espera,,,0,
007304,em_espera,,,0,
007305,em_espera,,,0,
007306,em_espera,,,0,
007307,em_espera,,,0,
007308,em_espera,,,0,
007309,em_espera,,,0,
007310,em_espera,,,0,
007311,em_espera,,,0,
007312,em_espera,,,0,
007313,em_espera,,,0,
007314,em_espera,,,0,
007315,em_espera,,,0,
007316,em_espera,,,0,
007317,em_espera,,,0,
007318,em_espera,,,0,
007319,em_espera,,,0,
007320,em_espera,,,0,
007321,em_espera,,,0,
007322,em_espera,,,0,
007323,em_espera,,,0,
007324,em_espera,,,0,
007325,em_espera,,,0,
007326,em_espera,,,0,
007327,em_espera,,,0,
007328,em_espera,,,0,
007329,em_espera,,,0,
007330,em_espera,,,0,
007331,em_espera,,,0,
007332,em_espera,,,0,
007333,em_espera,,,0,
007334,em_espera,,,0,
007335,em_espera,,,0,
007336,em_espera,,,0,
007337,em_espera,,,0,
007338,em_espera,,,0,
007339,em_espera,,,0,
007340,em_espera,,,0,
007341,em_espera,,,0,
007342,em_espera,,,0,
007343,em_espera,,,0,
007344,em_espera,,,0,
007345,em_espera,,,0,
007346,em_espera,,,0,
007347,em_espera,,,0,
007348,em_espera,,,0,
007349,em_espera,,,0,
007350,em_espera,,,0,
007351,em_espera,,,0,
007352,em_espera,,,0,
007353,em_espera,,,0,
007354,em_espera,,,0,
007355,em_espera,,,0,
007356,em_espera,,,0,
007357,em_espera,,,0,
007358,em_espera,,,0,
007359,em_espera,,,0,
007360,em_espera,,,0,
007361,em_espera,,,0,
007362,em_espera,,,0,
007363,em_espera,,,0,
007364,em_espera,,,0,
007365,em_espera,,,0,
007366,em_espera,,,0,
007367,em_espera,,,0,
007368,em_espera,,,0,
007369,em_espera,,,0,
007370,em_espera,,,0,
007371,em_espera,,,0,
007372,em_espera,,,0,
007373,em_espera,,,0,
007374,em_espera,,,0,
007375,em_espera,,,0,
007376,em_espera,,,0,
007377,em_espera,,,0,
007378,em_espera,,,0,
007379,em_espera,,,0,
007380,em_espera,,,0,
007381,em_espera,,,0,
007382,em_espera,,,0,
007383,em_espera,,,0,
007384,em_espera,,,0,
007385,em_espera,,,0,
007386,em_espera,,,0,
007387,em_espera,,,0,
007388,em_espera,,,0,
007389,em_espera,,,0,
007390,em_espera,,,0,
007391,em_espera,,,0,
007392,em_espera,,,0,
007393,em_espera,,,0,
007394,em_espera,,,0,
007395,em_espera,,,0,
007396,em_espera,,,0,
007397,em_espera,,,0,
007398,em_espera,,,0,
007399,em_espera,,,0,
007400,em_espera,,,0,
007401,em_espera,,,0,
007402,em_espera,,,0,
007403,em_espera,,,0,
007404,em_espera,,,0,
007405,em_espera,,,0,
007406,em_espera,,,0,
007407,em_espera,,,0,
007408,em_espera,,,0,
007409,em_espera,,,0,
007410,em_espera,,,0,
007411,em_espera,,,0,
007412,em_espera,,,0,
007413,em_espera,,,0,
007414,em_espera,,,0,
007415,em_espera,,,0,
007416,em_espera,,,0,
007417,em_espera,,,0,
007418,em_espera,,,0,
007419,em_espera,,,0,
007420,em_espera,,,0,
007421,em_espera,,,0,
007422,em_espera,,,0,
007423,em_espera,,,0,
007424,em_espera,,,0,
007425,em_espera,,,0,
007426,em_espera,,,0,
007427,em_espera,,,0,
007428,em_espera,,,0,
007429,em_espera,,,0,
007430,em_espera,,,0,
007431,em_espera,,,0,
007432,em_espera,,,0,
007433,em_espera,,,0,
007434,em_espera,,,0,
007435,em_espera,,,0,
007436,em_espera,,,0,
007437,em_espera,,,0,
007438,em_espera,,,0,
007439,em_espera,,,0,
007440,em_espera,,,0,
007441,em_espera,,,0,
007442,em_espera,,,0,
007443,em_espera,,,0,
007444,em_espera,,,0,
007445,em_espera,,,0,
007446,em_espera,,,0,
007447,em_espera,,,0,
007448,em_espera,,,0,
007449,em_espera,,,0,
007450,em_espera,,,0,
007451,em_espera,,,0,
007452,em_espera,,,0,
007453,em_espera,,,0,
007454,em_espera,,,0,
007455,em_espera,,,0,
007456,em_espera,,,0,
007457,em_espera,,,0,
007458,em_espera,,,0,
007459,em_espera,,,0,
007460,em_espera,,,0,
007461,em_espera,,,0,
007462,em_espera,,,0,
007463,em_espera,,,0,
007464,em_espera,,,0,
007465,em_espera,,,0,
007466,em_espera,,,0,
007467,em_espera,,,0,
007468,em_espera,,,0,
007469,em_espera,,,0,
007470,em_espera,,,0,
007471,em_espera,,,0,
007472,em_espera,,,0,
007473,em_espera,,,0,
007474,em_espera,,,0,
007475,em_espera,,,0,
007476,em_espera,,,0,
007477,em_espera,,,0,
007478,em_espera,,,0,
007479,em_espera,,,0,
007480,em_espera,,,0,
007481,em_espera,,,0,
007482,em_espera,,,0,
007483,em_espera,,,0,
007484,em_espera,,,0,
007485,em_espera,,,0,
007486,em_espera,,,0,
007487,em_espera,,,0,
007488,em_espera,,,0,
007489,em_espera,,,0,
007490,em_espera,,,0,
007491,em_espera,,,0,
007492,em_espera,,,0,
007493,em_espera,,,0,
007494,em_espera,,,0,
007495,em_espera,,,0,
007496,em_espera,,,0,
007497,em_espera,,,0,
007498,em_espera,,,0,
007499,em_espera,,,0,
007500,em_espera,,,0,
007501,em_espera,,,0,
007502,em_espera,,,0,
007503,em_espera,,,0,
007504,em_espera,,,0,
007505,em_espera,,,0,
007506,em_espera,,,0,
007507,em_espera,,,0,
007508,em_espera,,,0,
007509,em_espera,,,0,
007510,em_espera,,,0,
007511,em_espera,,,0,
007512,em_espera,,,0,
007513,em_espera,,,0,
007514,em_espera,,,0,
007515,em_espera,,,0,
007516,em_espera,,,0,
007517,em_espera,,,0,
007518,em_espera,,,0,
007519,em_espera,,,0,
007520,em_espera,,,0,
007521,em_espera,,,0,
007522,em_espera,,,0,
007523,em_espera,,,0,
007524,em_espera,,,0,
007525,em_espera,,,0,
007526,em_espera,,,0,
007527,em_espera,,,0,
007528,em_espera,,,0,
007529,em_espera,,,0,
007530,em_espera,,,0,
007531,em_espera,,,0,
007532,em_espera,,,0,
007533,em_espera,,,0,
007534,em_espera,,,0,
007535,em_espera,,,0,
007536,em_espera,,,0,
007537,em_espera,,,0,
007538,em_espera,,,0,
007539,em_espera,,,0,
007540,em_espera,,,0,
007541,em_espera,,,0,
007542,em_espera,,,0,
007543,em_espera,,,0,
007544,em_espera,,,0,
007545,em_espera,,,0,
007546,em_espera,,,0,
007547,em_espera,,,0,
007548,em_espera,,,0,
007549,em_espera,,,0,
007550,em_espera,,,0,
007551,em_espera,,,0,
007552,em_espera,,,0,
007553,em_espera,,,0,
007554,em_espera,,,0,
007555,em_espera,,,0,
007556,em_espera,,,0,
007557,em_espera,,,0,
007558,em_espera,,,0,
007559,em_espera,,,0,
007560,em_espera,,,0,
007561,em_espera,,,0,
007562,em_espera,,,0,
007563,em_espera,,,0,
007564,em_espera,,,0,
007565,em_espera,,,0,
007566,em_espera,,,0,
007567,em_espera,,,0,
007568,em_espera,,,0,
007569,em_espera,,,0,
007570,em_espera,,,0,
007571,em_espera,,,0,
007572,em_espera,,,0,
007573,em_espera,,,0,
007574,em_espera,,,0,
007575,em_espera,,,0,
007576,em_espera,,,0,
007577,em_espera,,,0,
007578,em_espera,,,0,
007579,em_espera,,,0,
007580,em_espera,,,0,
007581,em_espera,,,0,
007582,em_espera,,,0,
007583,em_espera,,,0,
007584,em_espera,,,0,
007585,em_espera,,,0,
007586,em_espera,,,0,
007587,em_espera,,,0,
007588,em_espera,,,0,
007589,em_espera,,,0,
007590,em_espera,,,0,
007591,em_espera,,,0,
007592,em_espera,,,0,
007593,em_espera,,,0,
007594,em_espera,,,0,
007595,em_espera,,,0,
007596,em_espera,,,0,
007597,em_espera,,,0,
007598,em_espera,,,0,
007599,em_espera,,,0,
007600,em_espera,,,0,
007601,em_espera,,,0,
007602,em_espera,,,0,
007603,em_espera,,,0,
007604,em_espera,,,0,
007605,em_espera,,,0,
007606,em_espera,,,0,
007607,em_espera,,,0,
007608,em_espera,,,0,
007609,em_espera,,,0,
007610,em_espera,,,0,
007611,em_espera,,,0,
007612,em_espera,,,0,
007613,em_espera,,,0,
007614,em_espera,,,0,
007615,em_espera,,,0,
007616,em_espera,,,0,
007617,em_espera,,,0,
007618,em_espera,,,0,
007619,em_espera,,,0,
007620,em_espera,,,0,
007621,em_espera,,,0,
007622,em_espera,,,0,
007623,em_espera,,,0,
007624,em_espera,,,0,
007625,em_espera,,,0,
007626,em_espera,,,0,
007627,em_espera,,,0,
007628,em_espera,,,0,
007629,em_espera,,,0,
007630,em_espera,,,0,
007631,em_espera,,,0,
007632,em_espera,,,0,
007633,em_espera,,,0,
007634,em_espera,,,0,
007635,em_espera,,,0,
007636,em_espera,,,0,
007637,em_espera,,,0,
007638,em_espera,,,0,
007639,em_espera,,,0,
007640,em_espera,,,0,
007641,em_espera,,,0,
007642,em_espera,,,0,
007643,em_espera,,,0,
007644,em_espera,,,0,
007645,em_espera,,,0,
007646,em_espera,,,0,
007647,em_espera,,,0,
007648,em_espera,,,0,
007649,em_espera,,,0,
007650,em_espera,,,0,
007651,em_espera,,,0,
007652,em_espera,,,0,
007653,em_espera,,,0,
007654,em_espera,,,0,
007655,em_espera,,,0,
007656,em_espera,,,0,
007657,em_espera,,,0,
007658,em_espera,,,0,
007659,em_espera,,,0,
007660,em_espera,,,0,
007661,em_espera,,,0,
007662,em_espera,,,0,
007663,em_espera,,,0,
007664,em_espera,,,0,
007665,em_espera,,,0,
007666,em_espera,,,0,
007667,em_espera,,,0,
007668,em_espera,,,0,
007669,em_espera,,,0,
007670,em_espera,,,0,
007671,em_espera,,,0,
007672,em_espera,,,0,
007673,em_espera,,,0,
007674,em_espera,,,0,
007675,em_espera,,,0,
007676,em_espera,,,0,
007677,em_espera,,,0,
007678,em_espera,,,0,
007679,em_espera,,,0,
007680,em_espera,,,0,
007681,em_espera,,,0,
007682,em_espera,,,0,
007683,em_espera,,,0,
007684,em_espera,,,0,
007685,em_espera,,,0,
007686,em_espera,,,0,
007687,em_espera,,,0,
007688,em_espera,,,0,
007689,em_espera,,,0,
007690,em_espera,,,0,
007691,em_espera,,,0,
007692,em_espera,,,0,
007693,em_espera,,,0,
007694,em_espera,,,0,
007695,em_espera,,,0,
007696,em_espera,,,0,
007697,em_espera,,,0,
007698,em_espera,,,0,
007699,em_espera,,,0,
007700,em_espera,,,0,
007701,em_espera,,,0,
007702,em_espera,,,0,
007703,em_espera,,,0,
007704,em_espera,,,0,
007705,em_espera,,,0,
007706,em_espera,,,0,
007707,em_espera,,,0,
007708,em_espera,,,0,
007709,em_espera,,,0,
007710,em_espera,,,0,
007711,em_espera,,,0,
007712,em_espera,,,0,
007713,em_espera,,,0,
007714,em_espera,,,0,
007715,em_espera,,,0,
007716,em_espera,,,0,
007717,em_espera,,,0,
007718,em_espera,,,0,
007719,em_espera,,,0,
007720,em_espera,,,0,
007721,em_espera,,,0,
007722,em_espera,,,0,
007723,em_espera,,,0,
007724,em_espera,,,0,
007725,em_espera,,,0,
007726,em_espera,,,0,
007727,em_espera,,,0,
007728,em_espera,,,0,
007729,em_espera,,,0,
007730,em_espera,,,0,
007731,em_espera,,,0,
007732,em_espera,,,0,
007733,em_espera,,,0,
007734,em_espera,,,0,
007735,em_espera,,,0,
007736,em_espera,,,0,
007737,em_espera,,,0,
007738,em_espera,,,0,
007739,em_espera,,,0,
007740,em_espera,,,0,
007741,em_espera,,,0,
007742,em_espera,,,0,
007743,em_espera,,,0,
007744,em_espera,,,0,
007745,em_espera,,,0,
007746,em_espera,,,0,
007747,em_espera,,,0,
007748,em_espera,,,0,
007749,em_espera,,,0,
007750,em_espera,,,0,
007751,em_espera,,,0,
007752,em_espera,,,0,
007753,em_espera,,,0,
007754,em_espera,,,0,
007755,em_espera,,,0,
007756,em_espera,,,0,
007757,em_espera,,,0,
007758,em_espera,,,0,
007759,em_espera,,,0,
007760,em_espera,,,0,
007761,em_espera,,,0,
007762,em_espera,,,0,
007763,em_espera,,,0,
007764,em_espera,,,0,
007765,em_espera,,,0,
007766,em_espera,,,0,
007767,em_espera,,,0,
007768,em_espera,,,0,
007769,em_espera,,,0,
007770,em_espera,,,0,
007771,em_espera,,,0,
007772,em_espera,,,0,
007773,em_espera,,,0,
007774,em_espera,,,0,
007775,em_espera,,,0,
007776,em_espera,,,0,
007777,em_espera,,,0,
007778,em_espera,,,0,
007779,em_espera,,,0,
007780,em_espera,,,0,
007781,em_espera,,,0,
007782,em_espera,,,0,
007783,em_espera,,,0,
007784,em_espera,,,0,
007785,em_espera,,,0,
007786,em_espera,,,0,
007787,em_espera,,,0,
007788,em_espera,,,0,
007789,em_espera,,,0,
007790,em_espera,,,0,
007791,em_espera,,,0,
007792,em_espera,,,0,
007793,em_espera,,,0,
007794,em_espera,,,0,
007795,em_espera,,,0,
007796,em_espera,,,0,
007797,em_espera,,,0,
007798,em_espera,,,0,
007799,em_espera,,,0,
007800,em_espera,,,0,
007801,em_espera,,,0,
007802,em_espera,,,0,
007803,em_espera,,,0,
007804,em_espera,,,0,
007805,em_espera,,,0,
007806,em_espera,,,0,
007807,em_espera,,,0,
007808,em_espera,,,0,
007809,em_espera,,,0,
007810,em_espera,,,0,
007811,em_espera,,,0,
007812,em_espera,,,0,
007813,em_espera,,,0,
007814,em_espera,,,0,
007815,em_espera,,,0,
007816,em_espera,,,0,
007817,em_espera,,,0,
007818,em_espera,,,0,
007819,em_espera,,,0,
007820,em_espera,,,0,
007821,em_espera,,,0,
007822,em_espera,,,0,
007823,em_espera,,,0,
007824,em_espera,,,0,
007825,em_espera,,,0,
007826,em_espera,,,0,
007827,em_espera,,,0,
007828,em_espera,,,0,
007829,em_espera,,,0,
007830,em_espera,,,0,
007831,em_espera,,,0,
007832,em_espera,,,0,
007833,em_espera,,,0,
007834,em_espera,,,0,
007835,em_espera,,,0,
007836,em_espera,,,0,
007837,em_espera,,,0,
007838,em_espera,,,0,
007839,em_espera,,,0,
007840,em_espera,,,0,
007841,em_espera,,,0,
007842,em_espera,,,0,
007843,em_espera,,,0,
007844,em_espera,,,0,
007845,em_espera,,,0,
007846,em_espera,,,0,
007847,em_espera,,,0,
007848,em_espera,,,0,
007849,em_espera,,,0,
007850,em_espera,,,0,
007851,em_espera,,,0,
007852,em_espera,,,0,
007853,em_espera,,,0,
007854,em_espera,,,0,
007855,em_espera,,,0,
007856,em_espera,,,0,
007857,em_espera,,,0,
007858,em_espera,,,0,
007859,em_espera,,,0,
007860,em_espera,,,0,
007861,em_espera,,,0,
007862,em_espera,,,0,
007863,em_espera,,,0,
007864,em_espera,,,0,
007865,em_espera,,,0,
007866,em_espera,,,0,
007867,em_espera,,,0,
007868,em_espera,,,0,
007869,em_espera,,,0,
007870,em_espera,,,0,
007871,em_espera,,,0,
007872,em_espera,,,0,
007873,em_espera,,,0,
007874,em_espera,,,0,
007875,em_espera,,,0,
007876,em_espera,,,0,
007877,em_espera,,,0,
007878,em_espera,,,0,
007879,em_espera,,,0,
007880,em_espera,,,0,
007881,em_espera,,,0,
007882,em_espera,,,0,
007883,em_espera,,,0,
007884,em_espera,,,0,
007885,em_espera,,,0,
007886,em_espera,,,0,
007887,em_espera,,,0,
007888,em_espera,,,0,
007889,em_espera,,,0,
007890,em_espera,,,0,
007891,em_espera,,,0,
007892,em_espera,,,0,
007893,em_espera,,,0,
007894,em_espera,,,0,
007895,em_espera,,,0,
007896,em_espera,,,0,
007897,em_espera,,,0,
007898,em_espera,,,0,
007899,em_espera,,,0,
007900,em_espera,,,0,
007901,em_espera,,,0,
007902,em_espera,,,0,
007903,em_espera,,,0,
007904,em_espera,,,0,
007905,em_espera,,,0,
007906,em_espera,,,0,
007907,em_espera,,,0,
007908,em_espera,,,0,
007909,em_espera,,,0,
007910,em_espera,,,0,
007911,em_espera,,,0,
007912,em_espera,,,0,
007913,em_espera,,,0,
007914,em_espera,,,0,
007915,em_espera,,,0,
007916,em_espera,,,0,
007917,em_espera,,,0,
007918,em_espera,,,0,
007919,em_espera,,,0,
007920,em_espera,,,0,
007921,em_espera,,,0,
007922,em_espera,,,0,
007923,em_espera,,,0,
007924,em_espera,,,0,
007925,em_espera,,,0,
007926,em_espera,,,0,
007927,em_espera,,,0,
007928,em_espera,,,0,
007929,em_espera,,,0,
007930,em_espera,,,0,
007931,em_espera,,,0,
007932,em_espera,,,0,
007933,em_espera,,,0,
007934,em_espera,,,0,
007935,em_espera,,,0,
007936,em_espera,,,0,
007937,em_espera,,,0,
007938,em_espera,,,0,
007939,em_espera,,,0,
007940,em_espera,,,0,
007941,em_espera,,,0,
007942,em_espera,,,0,
007943,em_espera,,,0,
007944,em_espera,,,0,
007945,em_espera,,,0,
007946,em_espera,,,0,
007947,em_espera,,,0,
007948,em_espera,,,0,
007949,em_espera,,,0,
007950,em_espera,,,0,
007951,em_espera,,,0,
007952,em_espera,,,0,
007953,em_espera,,,0,
007954,em_espera,,,0,
007955,em_espera,,,0,
007956,em_espera,,,0,
007957,em_espera,,,0,
007958,em_espera,,,0,
007959,em_espera,,,0,
007960,em_espera,,,0,
007961,em_espera,,,0,
007962,em_espera,,,0,
007963,em_espera,,,0,
007964,em_espera,,,0,
007965,em_espera,,,0,
007966,em_espera,,,0,
007967,em_espera,,,0,
007968,em_espera,,,0,
007969,em_espera,,,0,
007970,em_espera,,,0,
007971,em_espera,,,0,
007972,em_espera,,,0,
007973,em_espera,,,0,
007974,em_espera,,,0,
007975,em_espera,,,0,
007976,em_espera,,,0,
007977,em_espera,,,0,
007978,em_espera,,,0,
007979,em_espera,,,0,
007980,em_espera,,,0,
007981,em_espera,,,0,
007982,em_espera,,,0,
007983,em_espera,,,0,
007984,em_espera,,,0,
007985,em_espera,,,0,
007986,em_espera,,,0,
007987,em_espera,,,0,
007988,em_espera,,,0,
007989,em_espera,,,0,
007990,em_espera,,,0,
007991,em_espera,,,0,
007992,em_espera,,,0,
007993,em_espera,,,0,
007994,em_espera,,,0,
007995,em_espera,,,0,
007996,em_espera,,,0,
007997,em_espera,,,0,
007998,em_espera,,,0,
007999,em_espera,,,0,
008000,em_espera,,,0,
008001,em_espera,,,0,
008002,em_espera,,,0,
008003,em_espera,,,0,
008004,em_espera,,,0,
008005,em_espera,,,0,
008006,em_espera,,,0,
008007,em_espera,,,0,
008008,em_espera,,,0,
008009,em_espera,,,0,
008010,em_espera,,,0,
008011,em_espera,,,0,
008012,em_espera,,,0,
008013,em_espera,,,0,
008014,em_espera,,,0,
008015,em_espera,,,0,
008016,em_espera,,,0,
008017,em_espera,,,0,
008018,em_espera,,,0,
008019,em_espera,,,0,
008020,em_espera,,,0,
008021,em_espera,,,0,
008022,em_espera,,,0,
008023,em_espera,,,0,
008024,em_espera,,,0,
008025,em_espera,,,0,
008026,em_espera,,,0,
008027,em_espera,,,0,
008028,em_espera,,,0,
008029,em_espera,,,0,
008030,em_espera,,,0,
008031,em_espera,,,0,
008032,em_espera,,,0,
008033,em_espera,,,0,
008034,em_espera,,,0,
008035,em_espera,,,0,
008036,em_espera,,,0,
008037,em_espera,,,0,
008038,em_espera,,,0,
008039,em_espera,,,0,
008040,em_espera,,,0,
008041,em_espera,,,0,
008042,em_espera,,,0,
008043,em_espera,,,0,
008044,em_espera,,,0,
008045,em_espera,,,0,
008046,em_espera,,,0,
008047,em_espera,,,0,
008048,em_espera,,,0,
008049,em_espera,,,0,
008050,em_espera,,,0,
008051,em_espera,,,0,
008052,em_espera,,,0,
008053,em_espera,,,0,
008054,em_espera,,,0,
008055,em_espera,,,0,
008056,em_espera,,,0,
008057,em_espera,,,0,
008058,em_espera,,,0,
008059,em_espera,,,0,
008060,em_espera,,,0,
008061,em_espera,,,0,
008062,em_espera,,,0,
008063,em_espera,,,0,
008064,em_espera,,,0,
008065,em_espera,,,0,
008066,em_espera,,,0,
008067,em_espera,,,0,
008068,em_espera,,,0,
008069,em_espera,,,0,
008070,em_espera,,,0,
008071,em_espera,,,0,
008072,em_espera,,,0,
008073,em_espera,,,0,
008074,em_espera,,,0,
008075,em_espera,,,0,
008076,em_espera,,,0,
008077,em_espera,,,0,
008078,em_espera,,,0,
008079,em_espera,,,0,
008080,em_espera,,,0,
008081,em_espera,,,0,
008082,em_espera,,,0,
008083,em_espera,,,0,
008084,em_espera,,,0,
008085,em_espera,,,0,
008086,em_espera,,,0,
008087,em_espera,,,0,
008088,em_espera,,,0,
008089,em_espera,,,0,
008090,em_espera,,,0,
008091,em_espera,,,0,
008092,em_espera,,,0,
008093,em_espera,,,0,
008094,em_espera,,,0,
008095,em_espera,,,0,
008096,em_espera,,,0,
008097,em_espera,,,0,
008098,em_espera,,,0,
008099,em_espera,,,0,
008100,em_espera,,,0,
008101,em_espera,,,0,
008102,em_espera,,,0,
008103,em_espera,,,0,
008104,em_espera,,,0,
008105,em_espera,,,0,
008106,em_espera,,,0,
008107,em_espera,,,0,
008108,em_espera,,,0,
008109,em_espera,,,0,
008110,em_espera,,,0,
008111,em_espera,,,0,
008112,em_espera,,,0,
008113,em_espera,,,0,
008114,em_espera,,,0,
008115,em_espera,,,0,
008116,em_espera,,,0,
008117,em_espera,,,0,
008118,em_espera,,,0,
008119,em_espera,,,0,
008120,em_espera,,,0,
008121,em_espera,,,0,
008122,em_espera,,,0,
008123,em_espera,,,0,
008124,em_espera,,,0,
008125,em_espera,,,0,
008126,em_espera,,,0,
008127,em_espera,,,0,
008128,em_espera,,,0,
008129,em_espera,,,0,
008130,em_espera,,,0,
008131,em_espera,,,0,
008132,em_espera,,,0,
008133,em_espera,,,0,
008134,em_espera,,,0,
008135,em_espera,,,0,
008136,em_espera,,,0,
008137,em_espera,,,0,
008138,em_espera,,,0,
008139,em_espera,,,0,
008140,em_espera,,,0,
008141,em_espera,,,0,
008142,em_espera,,,0,
008143,em_espera,,,0,
008144,em_espera,,,0,
008145,em_espera,,,0,
008146,em_espera,,,0,
008147,em_espera,,,0,
008148,em_espera,,,0,
008149,em_espera,,,0,
008150,em_espera,,,0,
008151,em_espera,,,0,
008152,em_espera,,,0,
008153,em_espera,,,0,
008154,em_espera,,,0,
008155,em_espera,,,0,
008156,em_espera,,,0,
008157,em_espera,,,0,
008158,em_espera,,,0,
008159,em_espera,,,0,
008160,em_espera,,,0,
008161,em_espera,,,0,
008162,em_espera,,,0,
008163,em_espera,,,0,
008164,em_espera,,,0,
008165,em_espera,,,0,
008166,em_espera,,,0,
008167,em_espera,,,0,
008168,em_espera,,,0,
008169,em_espera,,,0,
008170,em_espera,,,0,
008171,em_espera,,,0,
008172,em_espera,,,0,
008173,em_espera,,,0,
008174,em_espera,,,0,
008175,em_espera,,,0,
008176,em_espera,,,0,
008177,em_espera,,,0,
008178,em_espera,,,0,
008179,em_espera,,,0,
008180,em_espera,,,0,
008181,em_espera,,,0,
008182,em_espera,,,0,
008183,em_espera,,,0,
008184,em_espera,,,0,
008185,em_espera,,,0,
008186,em_espera,,,0,
008187,em_espera,,,0,
008188,em_espera,,,0,
008189,em_espera,,,0,
008190,em_espera,,,0,
008191,em_espera,,,0,
008192,em_espera,,,0,
008193,em_espera,,,0,
008194,em_espera,,,0,
008195,em_espera,,,0,
008196,em_espera,,,0,
008197,em_espera,,,0,
008198,em_espera,,,0,
008199,em_espera,,,0,
008200,em_espera,,,0,
008201,em_espera,,,0,
008202,em_espera,,,0,
008203,em_espera,,,0,
008204,em_espera,,,0,
008205,em_espera,,,0,
008206,em_espera,,,0,
008207,em_espera,,,0,
008208,em_espera,,,0,
008209,em_espera,,,0,
008210,em_espera,,,0,
008211,em_espera,,,0,
008212,em_espera,,,0,
008213,em_espera,,,0,
008214,em_espera,,,0,
008215,em_espera,,,0,
008216,em_espera,,,0,
008217,em_espera,,,0,
008218,em_espera,,,0,
008219,em_espera,,,0,
008220,em_espera,,,0,
008221,em_espera,,,0,
008222,em_espera,,,0,
008223,em_espera,,,0,
008224,em_espera,,,0,
008225,em_espera,,,0,
008226,em_espera,,,0,
008227,em_espera,,,0,
008228,em_espera,,,0,
008229,em_espera,,,0,
008230,em_espera,,,0,
008231,em_espera,,,0,
008232,em_espera,,,0,
008233,em_espera,,,0,
008234,em_espera,,,0,
008235,em_espera,,,0,
008236,em_espera,,,0,
008237,em_espera,,,0,
008238,em_espera,,,0,
008239,em_espera,,,0,
008240,em_espera,,,0,
008241,em_espera,,,0,
008242,em_espera,,,0,
008243,em_espera,,,0,
008244,em_espera,,,0,
008245,em_espera,,,0,
008246,em_espera,,,0,
008247,em_espera,,,0,
008248,em_espera,,,0,
008249,em_espera,,,0,
008250,em_espera,,,0,
008251,em_espera,,,0,
008252,em_espera,,,0,
008253,em_espera,,,0,
008254,em_espera,,,0,
008255,em_espera,,,0,
008256,em_espera,,,0,
008257,em_espera,,,0,
008258,em_espera,,,0,
008259,em_espera,,,0,
008260,em_espera,,,0,
008261,em_espera,,,0,
008262,em_espera,,,0,
008263,em_espera,,,0,
008264,em_espera,,,0,
008265,em_espera,,,0,
008266,em_espera,,,0,
008267,em_espera,,,0,
008268,em_espera,,,0,
008269,em_espera,,,0,
008270,em_espera,,,0,
008271,em_espera,,,0,
008272,em_espera,,,0,
008273,em_espera,,,0,
008274,em_espera,,,0,
008275,em_espera,,,0,
008276,em_espera,,,0,
008277,em_espera,,,0,
008278,em_espera,,,0,
008279,em_espera,,,0,
008280,em_espera,,,0,
008281,em_espera,,,0,
008282,em_espera,,,0,
008283,em_espera,,,0,
008284,em_espera,,,0,
008285,em_espera,,,0,
008286,em_espera,,,0,
008287,em_espera,,,0,
008288,em_espera,,,0,
008289,em_espera,,,0,
008290,em_espera,,,0,
008291,em_espera,,,0,
008292,em_espera,,,0,
008293,em_espera,,,0,
008294,em_espera,,,0,
008295,em_espera,,,0,
008296,em_espera,,,0,
008297,em_espera,,,0,
008298,em_espera,,,0,
008299,em_espera,,,0,
008300,em_espera,,,0,
008301,em_espera,,,0,
008302,em_espera,,,0,
008303,em_espera,,,0,
008304,em_espera,,,0,
008305,em_espera,,,0,
008306,em_espera,,,0,
008307,em_espera,,,0,
008308,em_espera,,,0,
008309,em_espera,,,0,
008310,em_espera,,,0,
008311,em_espera,,,0,
008312,em_espera,,,0,
008313,em_espera,,,0,
008314,em_espera,,,0,
008315,em_espera,,,0,
008316,em_espera,,,0,
008317,em_espera,,,0,
008318,em_espera,,,0,
008319,em_espera,,,0,
008320,em_espera,,,0,
008321,em_espera,,,0,
008322,em_espera,,,0,
008323,em_espera,,,0,
008324,em_espera,,,0,
008325,em_espera,,,0,
008326,em_espera,,,0,
008327,em_espera,,,0,
008328,em_espera,,,0,
008329,em_espera,,,0,
008330,em_espera,,,0,
008331,em_espera,,,0,
008332,em_espera,,,0,
008333,em_espera,,,0,
008334,em_espera,,,0,
008335,em_espera,,,0,
008336,em_espera,,,0,
008337,em_espera,,,0,
008338,em_espera,,,0,
008339,em_espera,,,0,
008340,em_espera,,,0,
008341,em_espera,,,0,
008342,em_espera,,,0,
008343,em_espera,,,0,
008344,em_espera,,,0,
008345,em_espera,,,0,
008346,em_espera,,,0,
008347,em_espera,,,0,
008348,em_espera,,,0,
008349,em_espera,,,0,
008350,em_espera,,,0,
008351,em_espera,,,0,
008352,em_espera,,,0,
008353,em_espera,,,0,
008354,em_espera,,,0,
008355,em_espera,,,0,
008356,em_espera,,,0,
008357,em_espera,,,0,
008358,em_espera,,,0,
008359,em_espera,,,0,
008360,em_espera,,,0,
008361,em_espera,,,0,
008362,em_espera,,,0,
008363,em_espera,,,0,
008364,em_espera,,,0,
008365,em_espera,,,0,
008366,em_espera,,,0,
008367,em_espera,,,0,
008368,em_espera,,,0,
008369,em_espera,,,0,
008370,em_espera,,,0,
008371,em_espera,,,0,
008372,em_espera,,,0,
008373,em_espera,,,0,
008374,em_espera,,,0,
008375,em_espera,,,0,
008376,em_espera,,,0,
008377,em_espera,,,0,
008378,em_espera,,,0,
008379,em_espera,,,0,
008380,em_espera,,,0,
008381,em_espera,,,0,
008382,em_espera,,,0,
008383,em_espera,,,0,
008384,em_espera,,,0,
008385,em_espera,,,0,
008386,em_espera,,,0,
008387,em_espera,,,0,
008388,em_espera,,,0,
008389,em_espera,,,0,
008390,em_espera,,,0,
008391,em_espera,,,0,
008392,em_espera,,,0,
008393,em_espera,,,0,
008394,em_espera,,,0,
008395,em_espera,,,0,
008396,em_espera,,,0,
008397,em_espera,,,0,
008398,em_espera,,,0,
008399,em_espera,,,0,
008400,em_espera,,,0,
008401,em_espera,,,0,
008402,em_espera,,,0,
008403,em_espera,,,0,
008404,em_espera,,,0,
008405,em_espera,,,0,
008406,em_espera,,,0,
008407,em_espera,,,0,
008408,em_espera,,,0,
008409,em_espera,,,0,
008410,em_espera,,,0,
008411,em_espera,,,0,
008412,em_espera,,,0,
008413,em_espera,,,0,
008414,em_espera,,,0,
008415,em_espera,,,0,
008416,em_espera,,,0,
008417,em_espera,,,0,
008418,em_espera,,,0,
008419,em_espera,,,0,
008420,em_espera,,,0,
008421,em_espera,,,0,
008422,em_espera,,,0,
008423,em_espera,,,0,
008424,em_espera,,,0,
008425,em_espera,,,0,
008426,em_espera,,,0,
008427,em_espera,,,0,
008428,em_espera,,,0,
008429,em_espera,,,0,
008430,em_espera,,,0,
008431,em_espera,,,0,
008432,em_espera,,,0,
008433,em_espera,,,0,
008434,em_espera,,,0,
008435,em_espera,,,0,
008436,em_espera,,,0,
008437,em_espera,,,0,
008438,em_espera,,,0,
008439,em_espera,,,0,
008440,em_espera,,,0,
008441,em_espera,,,0,
008442,em_espera,,,0,
008443,em_espera,,,0,
008444,em_espera,,,0,
008445,em_espera,,,0,
008446,em_espera,,,0,
008447,em_espera,,,0,
008448,em_espera,,,0,
008449,em_espera,,,0,
008450,em_espera,,,0,
008451,em_espera,,,0,
008452,em_espera,,,0,
008453,em_espera,,,0,
008454,em_espera,,,0,
008455,em_espera,,,0,
008456,em_espera,,,0,
008457,em_espera,,,0,
008458,em_espera,,,0,
008459,em_espera,,,0,
008460,em_espera,,,0,
008461,em_espera,,,0,
008462,em_espera,,,0,
008463,em_espera,,,0,
008464,em_espera,,,0,
008465,em_espera,,,0,
008466,em_espera,,,0,
008467,em_espera,,,0,
008468,em_espera,,,0,
008469,em_espera,,,0,
008470,em_espera,,,0,
008471,em_espera,,,0,
008472,em_espera,,,0,
008473,em_espera,,,0,
008474,em_espera,,,0,
008475,em_espera,,,0,
008476,em_espera,,,0,
008477,em_espera,,,0,
008478,em_espera,,,0,
008479,em_espera,,,0,
008480,em_espera,,,0,
008481,em_espera,,,0,
008482,em_espera,,,0,
008483,em_espera,,,0,
008484,em_espera,,,0,
008485,em_espera,,,0,
008486,em_espera,,,0,
008487,em_espera,,,0,
008488,em_espera,,,0,
008489,em_espera,,,0,
008490,em_espera,,,0,
008491,em_espera,,,0,
008492,em_espera,,,0,
008493,em_espera,,,0,
008494,em_espera,,,0,
008495,em_espera,,,0,
008496,em_espera,,,0,
008497,em_espera,,,0,
008498,em_espera,,,0,
008499,em_espera,,,0,
008500,em_espera,,,0,
008501,em_espera,,,0,
008502,em_espera,,,0,
008503,em_espera,,,0,
008504,em_espera,,,0,
008505,em_espera,,,0,
008506,em_espera,,,0,
008507,em_espera,,,0,
008508,em_espera,,,0,
008509,em_espera,,,0,
008510,em_espera,,,0,
008511,em_espera,,,0,
008512,em_espera,,,0,
008513,em_espera,,,0,
008514,em_espera,,,0,
008515,em_espera,,,0,
008516,em_espera,,,0,
008517,em_espera,,,0,
008518,em_espera,,,0,
008519,em_espera,,,0,
008520,em_espera,,,0,
008521,em_espera,,,0,
008522,em_espera,,,0,
008523,em_espera,,,0,
008524,em_espera,,,0,
008525,em_espera,,,0,
008526,em_espera,,,0,
008527,em_espera,,,0,
008528,em_espera,,,0,
008529,em_espera,,,0,
008530,em_espera,,,0,
008531,em_espera,,,0,
008532,em_espera,,,0,
008533,em_espera,,,0,
008534,em_espera,,,0,
008535,em_espera,,,0,
008536,em_espera,,,0,
008537,em_espera,,,0,
008538,em_espera,,,0,
008539,em_espera,,,0,
008540,em_espera,,,0,
008541,em_espera,,,0,
008542,em_espera,,,0,
008543,em_espera,,,0,
008544,em_espera,,,0,
008545,em_espera,,,0,
008546,em_espera,,,0,
008547,em_espera,,,0,
008548,em_espera,,,0,
008549,em_espera,,,0,
008550,em_espera,,,0,
008551,em_espera,,,0,
008552,em_espera,,,0,
008553,em_espera,,,0,
008554,em_espera,,,0,
008555,em_espera,,,0,
008556,em_espera,,,0,
008557,em_espera,,,0,
008558,em_espera,,,0,
008559,em_espera,,,0,
008560,em_espera,,,0,
008561,em_espera,,,0,
008562,em_espera,,,0,
008563,em_espera,,,0,
008564,em_espera,,,0,
008565,em_espera,,,0,
008566,em_espera,,,0,
008567,em_espera,,,0,
008568,em_espera,,,0,
008569,em_espera,,,0,
008570,em_espera,,,0,
008571,em_espera,,,0,
008572,em_espera,,,0,
008573,em_espera,,,0,
008574,em_espera,,,0,
008575,em_espera,,,0,
008576,em_espera,,,0,
008577,em_espera,,,0,
008578,em_espera,,,0,
008579,em_espera,,,0,
008580,em_espera,,,0,
008581,em_espera,,,0,
008582,em_espera,,,0,
008583,em_espera,,,0,
008584,em_espera,,,0,
008585,em_espera,,,0,
008586,em_espera,,,0,
008587,em_espera,,,0,
008588,em_espera,,,0,
008589,em_espera,,,0,
008590,em_espera,,,0,
008591,em_espera,,,0,
008592,em_espera,,,0,
008593,em_espera,,,0,
008594,em_espera,,,0,
008595,em_espera,,,0,
008596,em_espera,,,0,
008597,em_espera,,,0,
008598,em_espera,,,0,
008599,em_espera,,,0,
008600,em_espera,,,0,
008601,em_espera,,,0,
008602,em_espera,,,0,
008603,em_espera,,,0,
008604,em_espera,,,0,
008605,em_espera,,,0,
008606,em_espera,,,0,
008607,em_espera,,,0,
008608,em_espera,,,0,
008609,em_espera,,,0,
008610,em_espera,,,0,
008611,em_espera,,,0,
008612,em_espera,,,0,
008613,em_espera,,,0,
008614,em_espera,,,0,
008615,em_espera,,,0,
008616,em_espera,,,0,
008617,em_espera,,,0,
008618,em_espera,,,0,
008619,em_espera,,,0,
008620,em_espera,,,0,
008621,em_espera,,,0,
008622,em_espera,,,0,
008623,em_espera,,,0,
008624,em_espera,,,0,
008625,em_espera,,,0,
008626,em_espera,,,0,
008627,em_espera,,,0,
008628,em_espera,,,0,
008629,em_espera,,,0,
008630,em_espera,,,0,
008631,em_espera,,,0,
008632,em_espera,,,0,
008633,em_espera,,,0,
008634,em_espera,,,0,
008635,em_espera,,,0,
008636,em_espera,,,0,
008637,em_espera,,,0,
008638,em_espera,,,0,
008639,em_espera,,,0,
008640,em_espera,,,0,
008641,em_espera,,,0,
008642,em_espera,,,0,
008643,em_espera,,,0,
008644,em_espera,,,0,
008645,em_espera,,,0,
008646,em_espera,,,0,
008647,em_espera,,,0,
008648,em_espera,,,0,
008649,em_espera,,,0,
008650,em_espera,,,0,
008651,em_espera,,,0,
008652,em_espera,,,0,
008653,em_espera,,,0,
008654,em_espera,,,0,
008655,em_espera,,,0,
008656,em_espera,,,0,
008657,em_espera,,,0,
008658,em_espera,,,0,
008659,em_espera,,,0,
008660,em_espera,,,0,
008661,em_espera,,,0,
008662,em_espera,,,0,
008663,em_espera,,,0,
008664,em_espera,,,0,
008665,em_espera,,,0,
008666,em_espera,,,0,
008667,em_espera,,,0,
008668,em_espera,,,0,
008669,em_espera,,,0,
008670,em_espera,,,0,
008671,em_espera,,,0,
008672,em_espera,,,0,
008673,em_espera,,,0,
008674,em_espera,,,0,
008675,em_espera,,,0,
008676,em_espera,,,0,
008677,em_espera,,,0,
008678,em_espera,,,0,
008679,em_espera,,,0,
008680,em_espera,,,0,
008681,em_espera,,,0,
008682,em_espera,,,0,
008683,em_espera,,,0,
008684,em_espera,,,0,
008685,em_espera,,,0,
008686,em_espera,,,0,
008687,em_espera,,,0,
008688,em_espera,,,0,
008689,em_espera,,,0,
008690,em_espera,,,0,
008691,em_espera,,,0,
008692,em_espera,,,0,
008693,em_espera,,,0,
008694,em_espera,,,0,
008695,em_espera,,,0,
008696,em_espera,,,0,
008697,em_espera,,,0,
008698,em_espera,,,0,
008699,em_espera,,,0,
008700,em_espera,,,0,
008701,em_espera,,,0,
008702,em_espera,,,0,
008703,em_espera,,,0,
008704,em_espera,,,0,
008705,em_espera,,,0,
008706,em_espera,,,0,
